case,bug,test,seed,source_run_dir,primary_type,uvm_level,fatal_file,fatal_line,fatal_time,fatal_message,mismatch_type,has_dual_compare,has_simplified_ibex,ibex_index,spike_index,ibex_pc,spike_pc,ibex_opcode,spike_opcode,op_pair,matched_count,mismatch_count,pc_region,sim_line_count,regr_line_count,trace_line_count,sim_template_hash,regr_template_hash,trace_hash
1,bug_128,riscv_machine_mode_rand_test,23001,/workspace/ibex/dv/uvm/out,REGR_MISMATCH,,,,,,pc_diff,1,0,113,113,8000623a,8000626e,sll,slli,sll|slli,105,1205,8000,70,6,2365,dc005e5ecff775a4,b2fb119efb3e5680,da8b31ac7f792c61
2,bug_128,riscv_machine_mode_rand_test,23002,/workspace/ibex/dv/uvm/out,REGR_MISMATCH,,,,,,pc_diff,1,0,82,82,800001f8,80000206,add,c.srai,add|c.srai,76,4880,8000,70,6,7104,32c5d595a09a6b14,b57b6d804249a355,4b7e6161ca31d84f
3,bug_128,riscv_machine_mode_rand_test,23003,/workspace/ibex/dv/uvm/out,REGR_MISMATCH,,,,,,pc_diff,1,0,125,125,8000511a,80005150,mulh,c.add,mulh|c.add,110,4269,8000,70,6,7379,aeb0ec0cacc79fde,fa88436cfb0d75cf,f6c321dfdbf23872
4,bug_128,riscv_machine_mode_rand_test,23004,/workspace/ibex/dv/uvm/out,REGR_MISMATCH,,,,,,pc_diff,1,0,63,63,8000017a,800001a8,addi,c.srli,addi|c.srli,63,4290,8000,70,6,7206,8e7a446960aa6b72,477f421e10f693c3,20e7cecfee5cf944
5,bug_128,riscv_machine_mode_rand_test,23005,/workspace/ibex/dv/uvm/out,REGR_MISMATCH,,,,,,pc_diff,1,0,77,77,800001c2,800001a0,xori,csrrsi,xori|csrrsi,79,4092,8000,70,6,7288,f88d60caee8039f7,7d2c498008979b8b,c4bf78248ecca2fb
6,bug_128,riscv_machine_mode_rand_test,23006,/workspace/ibex/dv/uvm/out,REGR_MISMATCH,,,,,,pc_diff,1,0,61,61,80000172,800001a2,c.or,slt,c.or|slt,64,4595,8000,70,6,9760,b2c7e2ed5ca1abf4,a373c904960667bf,6784a2d96cf7f6ca
7,bug_128,riscv_machine_mode_rand_test,23008,/workspace/ibex/dv/uvm/out,REGR_MISMATCH,,,,,,pc_diff,1,0,91,91,80004aa0,80004aae,csrrwi,c.or,csrrwi|c.or,96,5968,8000,70,6,7542,22b58ef6d3fe8c8b,c9cb312b2fea7115,2658dd5a78a58620
8,bug_128,riscv_machine_mode_rand_test,23009,/workspace/ibex/dv/uvm/out,REGR_MISMATCH,,,,,,pc_diff,1,0,101,101,8000022e,80000216,slli,auipc,slli|auipc,108,3449,8000,70,6,7410,51cb9d3a6a490406,e5e9c3bd21801b77,46184067e27e129f
9,bug_128,riscv_machine_mode_rand_test,23010,/workspace/ibex/dv/uvm/out,REGR_MISMATCH,,,,,,pc_diff,1,0,117,117,800074cc,800074fc,add,srl,add|srl,105,2295,8000,70,6,2773,3d7bafbcc07b4248,5ac6765839511ec0,c846b17848a4c3f4
10,bug_128,riscv_machine_mode_rand_test,23011,/workspace/ibex/dv/uvm/out,REGR_MISMATCH,,,,,,pc_diff,1,0,66,66,80000174,8000018a,sll,c.addi,sll|c.addi,70,1566,8000,70,6,2813,49b64cc98174aec1,52706a182fe8675d,d24ef470973728d0
11,bug_128,riscv_machine_mode_rand_test,23012,/workspace/ibex/dv/uvm/out,REGR_MISMATCH,,,,,,pc_diff,1,0,57,57,80000166,8000015c,csrrw,c.sub,csrrw|c.sub,61,9454,8000,70,6,7071,43d72572de1f5046,f4a26792b375e130,e3c1c7a2336fe688
12,bug_128,riscv_machine_mode_rand_test,23013,/workspace/ibex/dv/uvm/out,REGR_MISMATCH,,,,,,pc_diff,1,0,64,64,8000017a,80000198,csrrci,c.srai,csrrci|c.srai,93,14315,8000,70,6,18026,4faf9961eaaa95fb,b1c057c08831a18e,360f4b812b93f7c1
13,bug_128,riscv_machine_mode_rand_test,23014,/workspace/ibex/dv/uvm/out,REGR_MISMATCH,,,,,,pc_diff,1,0,103,103,8000037e,8000039a,c.mv,lui,c.mv|lui,104,4477,8000,70,6,6096,87507eb3f77aa2e3,cb1256fc91c4ac3d,a2bf9bfcf957395c
14,bug_128,riscv_machine_mode_rand_test,23015,/workspace/ibex/dv/uvm/out,REGR_MISMATCH,,,,,,pc_diff,1,0,125,125,80003b10,80003b3a,remu,csrrsi,remu|csrrsi,123,2814,8000,70,6,7427,3bc9663889dd755f,cf81aed58ee56f27,e3a76e78de30e0bb
15,bug_128,riscv_machine_mode_rand_test,23016,/workspace/ibex/dv/uvm/out,REGR_MISMATCH,,,,,,pc_diff,1,0,98,98,800001f4,800001fa,c.addi16sp,sltu,c.addi16sp|sltu,84,4025,8000,70,6,759,f4ea127310657918,0096ee3557ed62d5,7f5f3577ed6c158c
16,bug_128,riscv_machine_mode_rand_test,23017,/workspace/ibex/dv/uvm/out,REGR_MISMATCH,,,,,,pc_diff,1,0,70,70,800001d2,800001a6,slt,lui,slt|lui,71,4270,8000,70,6,9309,a2d0fc50fd51df8e,2d81f73109dfee38,2d4a00c296e1003f
17,bug_128,riscv_machine_mode_rand_test,23018,/workspace/ibex/dv/uvm/out,REGR_MISMATCH,,,,,,pc_diff,1,0,133,133,800002be,800002f4,sll,add,sll|add,128,2038,8000,70,6,4331,5ae75146393ca012,7735b7d75a4bda1b,6c41006294dcd66b
18,bug_128,riscv_machine_mode_rand_test,23019,/workspace/ibex/dv/uvm/out,REGR_MISMATCH,,,,,,pc_diff,1,0,66,66,8000017e,80000182,mulhu,jalr,mulhu|jalr,63,4231,8000,70,6,7095,269f97a818120514,ce15940a1b03bf81,854297607b525933
19,bug_128,riscv_machine_mode_rand_test,23020,/workspace/ibex/dv/uvm/out,REGR_MISMATCH,,,,,,pc_diff,1,0,59,59,80000184,800001a0,csrrci,and,csrrci|and,58,4487,8000,70,6,8876,e2fafe1c7bc377bc,90a65afb569de55f,fbce18f8e98bc16b
20,bug_128,riscv_machine_mode_rand_test,23021,/workspace/ibex/dv/uvm/out,REGR_MISMATCH,,,,,,pc_diff,1,0,57,57,8000015e,8000018a,mulhu,csrrci,mulhu|csrrci,51,194,8000,70,6,6260,269f97a818120514,150decc596990cfa,5932a4f820dc26df
21,bug_128,riscv_machine_mode_rand_test,23022,/workspace/ibex/dv/uvm/out,REGR_MISMATCH,,,,,,pc_diff,1,0,134,134,8000037e,80000366,csrrs,srai,csrrs|srai,121,4421,8000,70,6,3246,bb2565857ea2f1ce,00540128ddef39d4,f69c6afcf3047e04
22,bug_128,riscv_machine_mode_rand_test,23023,/workspace/ibex/dv/uvm/out,REGR_MISMATCH,,,,,,pc_diff,1,0,78,78,8000024c,8000028e,c.srai,srl,c.srai|srl,85,4019,8000,70,6,7254,78366884a78a9351,fb0413e5ed41c104,28735a8571d0f479
23,bug_128,riscv_machine_mode_rand_test,23024,/workspace/ibex/dv/uvm/out,REGR_MISMATCH,,,,,,pc_diff,1,0,66,66,8000017c,800001d4,slt,mulhsu,slt|mulhsu,55,4,8000,70,6,304,fcf8a6f7bf6c089a,ae7c097a5470f4f7,ceac5dbc036a1cb8
24,bug_128,riscv_machine_mode_rand_test,23025,/workspace/ibex/dv/uvm/out,REGR_MISMATCH,,,,,,pc_diff,1,0,137,137,800002cc,800002dc,slti,csrrs,slti|csrrs,137,4896,8000,70,6,7790,209f8bbe20eab851,82cb39f133335f6e,8516dc40ac70510c
25,bug_128,riscv_rand_jump_test,23026,/workspace/ibex/dv/uvm/out,REGR_MISMATCH,,,,,,pc_diff,1,0,106,106,8000a408,8000a404,c.addi,sltu,c.addi|sltu,149,18691,8000,70,6,86778,31f80aca2d035ee1,a2f0bb49df93bc45,356ec910c32b8ec8
26,bug_128,riscv_rand_jump_test,23027,/workspace/ibex/dv/uvm/out,REGR_MISMATCH,,,,,,pc_diff,1,0,63,63,8000016c,80000176,sub,jalr,sub|jalr,77,495,8000,70,6,913,c4ca08f524121465,d7f0fd699a42ef86,2d1d138e42de7cad
27,bug_128,riscv_rand_jump_test,23028,/workspace/ibex/dv/uvm/out,REGR_MISMATCH,,,,,,pc_diff,1,0,440,440,80003d8e,80003dc6,c.andi,c.mv,c.andi|c.mv,436,8342,8000,70,6,12999,5e45637a5e14cc28,62c2bb2ced4412ab,6cbd2f79f4b8b8cb
28,bug_128,riscv_rand_jump_test,23029,/workspace/ibex/dv/uvm/out,REGR_MISMATCH,,,,,,pc_diff,1,0,69,69,8000d768,8000d75c,addi,c.li,addi|c.li,109,37594,8000,70,6,59525,8f639b9442dfe114,216df2e8bd15b836,aee73ea8cf935a49
29,bug_128,riscv_rand_jump_test,23030,/workspace/ibex/dv/uvm/out,REGR_MISMATCH,,,,,,pc_diff,1,0,112,112,8000025c,8000026e,sll,mul,sll|mul,106,285,8000,70,6,833,e5caa195c71ea335,eb66a0344071f698,610148e5bcf7634d
30,bug_128,riscv_rand_jump_test,23031,/workspace/ibex/dv/uvm/out,REGR_MISMATCH,,,,,,pc_diff,1,0,229,229,800082c4,8000834c,c.li,sub,c.li|sub,217,5110,8000,70,6,74783,08eb613b776d7026,06741adf14b2b76b,5f388511f71a04f4
31,bug_128,riscv_rand_jump_test,23032,/workspace/ibex/dv/uvm/out,REGR_MISMATCH,,,,,,pc_diff,1,0,188,188,800003b2,800003d0,csrrc,sltu,csrrc|sltu,123,2729,8000,70,6,14346,cfa84106063cf11f,8af4a35cace22e46,8b75db091f942f70
32,bug_128,riscv_rand_jump_test,23033,/workspace/ibex/dv/uvm/out,REGR_MISMATCH,,,,,,pc_diff,1,0,831,831,8000b488,8000b49e,c.addi4spn,sll,c.addi4spn|sll,829,22969,8000,70,6,60195,20ac58cc95e1a483,d889b51bdc26c0f3,1b7709b6c00650ca
33,bug_128,riscv_rand_jump_test,23034,/workspace/ibex/dv/uvm/out,REGR_MISMATCH,,,,,,pc_diff,1,0,62,62,80000174,80000180,ori,jalr,ori|jalr,68,7148,8000,70,6,13532,6a9b1e7eb89595a1,dc7bfa5d58f492db,d04fa30af3119d69
34,bug_128,riscv_rand_jump_test,23036,/workspace/ibex/dv/uvm/out,REGR_MISMATCH,,,,,,pc_diff,1,0,1048,1048,800013ac,800013d4,mul,divu,mul|divu,1013,7096,8000,70,6,15053,316ef721d3a94ec0,626c41995e33a721,fb03768aedef51a8
35,bug_128,riscv_rand_jump_test,23037,/workspace/ibex/dv/uvm/out,REGR_MISMATCH,,,,,,pc_diff,1,0,211,211,8000040c,80000418,lui,csrrwi,lui|csrrwi,149,371,8000,70,6,1049,38ee9f3794d775a4,7a436c185bda7bd0,34fc0a0dfaea4e27
36,bug_128,riscv_rand_jump_test,23038,/workspace/ibex/dv/uvm/out,REGR_MISMATCH,,,,,,pc_diff,1,0,127,127,800083ac,800083ae,c.addi16sp,addi,c.addi16sp|addi,1029,321703,8000,70,6,604981,93ab35b8dcec8416,aaa9fb234def843a,fdcceb6dbf866209
37,bug_128,riscv_rand_jump_test,23039,/workspace/ibex/dv/uvm/out,REGR_MISMATCH,,,,,,pc_diff,1,0,120,120,80000e7a,80000ea0,sra,c.andi,sra|c.andi,112,3189,8000,70,6,7325,f5f79a59de88286f,0b32871b788c9332,07657da2d65bf821
38,bug_128,riscv_rand_jump_test,23040,/workspace/ibex/dv/uvm/out,REGR_MISMATCH,,,,,,pc_diff,1,0,80,80,800049e6,800049fc,sra,slli,sra|slli,82,7571,8000,70,6,12506,dd3da7c0db7317d9,51e90c7b22d51ae8,b6c96c6bd4ee2ef8
39,bug_128,riscv_rand_jump_test,23041,/workspace/ibex/dv/uvm/out,REGR_MISMATCH,,,,,,pc_diff,1,0,504,504,80000944,8000094c,csrrci,c.add,csrrci|c.add,506,21008,8000,70,6,33974,32a43bcd12a38e74,f1d917b655818572,5eaf280804eca10f
40,bug_128,riscv_rand_jump_test,23042,/workspace/ibex/dv/uvm/out,REGR_MISMATCH,,,,,,pc_diff,1,0,197,197,80010f0c,80010f00,auipc,remu,auipc|remu,186,169,8001,70,6,746,8402d8dfd86e4507,5aa826a29cbda29c,f28fd90a34dac214
41,bug_128,riscv_rand_jump_test,23043,/workspace/ibex/dv/uvm/out,REGR_MISMATCH,,,,,,pc_diff,1,0,116,116,8000e9a6,8000e9b0,c.xor,jalr,c.xor|jalr,101,2323,8000,70,6,29124,b1d2f738d922190b,981c79497a26f5f6,b684edab01431679
42,bug_128,riscv_rand_jump_test,23044,/workspace/ibex/dv/uvm/out,REGR_MISMATCH,,,,,,pc_diff,1,0,280,280,8000058a,8000054e,slt,sub,slt|sub,198,639,8000,70,6,1666,4b74a72dcb9382ad,d287cf52852123ea,31a71058a14617c7
43,bug_128,riscv_rand_jump_test,23045,/workspace/ibex/dv/uvm/out,REGR_MISMATCH,,,,,,pc_diff,1,0,88,88,8000c488,8000c498,sra,sub,sra|sub,80,223,8000,70,6,623,8f3809091af0d768,6c8f4104d090c421,32da523d4f7218eb
44,bug_128,riscv_rand_jump_test,23046,/workspace/ibex/dv/uvm/out,REGR_MISMATCH,,,,,,pc_diff,1,0,634,634,80002e6a,80002e84,add,c.addi,add|c.addi,637,63583,8000,70,6,37273,16dd1bbdef603f10,6bc3bf6072b9a772,26f59fc2080a1ac4
45,bug_128,riscv_rand_jump_test,23047,/workspace/ibex/dv/uvm/out,REGR_MISMATCH,,,,,,pc_diff,1,0,66,66,8000017e,80000182,mul,jalr,mul|jalr,89,15771,8000,70,6,28977,b6f979c4b0f1c7e4,3f194ecbf0fd0d66,01e6ee34925b019c
46,bug_128,riscv_rand_jump_test,23048,/workspace/ibex/dv/uvm/out,REGR_MISMATCH,,,,,,pc_diff,1,0,275,275,80000560,8000058a,c.addi4spn,andi,c.addi4spn|andi,536,199895,8000,70,6,619578,ae2e68c86536a347,9e9aa8d03f3a06fd,7d48c2e811b055dd
47,bug_128,riscv_rand_jump_test,23049,/workspace/ibex/dv/uvm/out,REGR_MISMATCH,,,,,,pc_diff,1,0,94,94,80009ab6,80009ad4,srl,c.srli,srl|c.srli,113,23396,8000,70,6,37865,e373b77b3c368d8a,9f1bd0d7278c405f,a0b232cde23e4d2c
48,bug_129,riscv_jump_stress_test,23051,/workspace/ibex/dv/uvm/out,REGR_MISMATCH,,,,,,pc_diff,1,0,318,318,800009c8,800009a2,addi,c.addi16sp,addi|c.addi16sp,286,117,8000,70,6,762,df78598af65de7d0,28077f33b939a328,b7ea238fd17165f1
49,bug_129,riscv_jump_stress_test,23052,/workspace/ibex/dv/uvm/out,REGR_MISMATCH,,,,,,pc_diff,1,0,101,101,8000023e,80000218,c.srli,c.srai,c.srli|c.srai,95,61,8000,70,6,5626,6641bd4d01c4d294,1e3c1eb07ed00000,ac5315c8cd793370
50,bug_129,riscv_jump_stress_test,23054,/workspace/ibex/dv/uvm/out,REGR_MISMATCH,,,,,,pc_diff,1,0,643,643,80000b0e,80000b40,csrrs,c.srli,csrrs|c.srli,616,1356,8000,70,6,3133,8cb448362f3e8e86,ae9bc1127890265b,3b88fde6b4e6d44d
51,bug_129,riscv_jump_stress_test,23055,/workspace/ibex/dv/uvm/out,REGR_MISMATCH,,,,,,pc_diff,1,0,158,158,800003c0,800003ee,mulhsu,mulhsu,mulhsu|mulhsu,149,3459,8000,70,6,2977,7143bfedf605f137,1dbc82e0196504f2,f15dd33260d38b6d
52,bug_129,riscv_jump_stress_test,23056,/workspace/ibex/dv/uvm/out,REGR_MISMATCH,,,,,,pc_diff,1,0,258,258,80000490,800004ba,auipc,div,auipc|div,256,3854,8000,70,6,6887,22ba1ad4ec185c0d,2fa5ab5887b87f9d,8861e3c24e33e0f9
53,bug_129,riscv_jump_stress_test,23057,/workspace/ibex/dv/uvm/out,REGR_MISMATCH,,,,,,pc_diff,1,0,1287,1287,8000300e,80003026,remu,sra,remu|sra,1266,5246,8000,70,6,8286,57a49a3995b543db,789957af2f7b00f8,2ee4f199f6c06c0b
54,bug_129,riscv_jump_stress_test,23058,/workspace/ibex/dv/uvm/out,REGR_MISMATCH,,,,,,pc_diff,1,0,1538,1538,80002b8c,80002b9a,csrrci,c.addi16sp,csrrci|c.addi16sp,1496,2461,8000,70,6,5748,0f3463e914f68df5,906625d017da0298,f126b2c7372ff4e4
55,bug_129,riscv_jump_stress_test,23060,/workspace/ibex/dv/uvm/out,REGR_MISMATCH,,,,,,pc_diff,1,0,616,616,800009c8,80000a0a,ori,andi,ori|andi,610,2127,8000,70,6,4038,2d0030e9ccfc5641,e16fb202199d6c33,1e9644bfb82d8a09
56,bug_129,riscv_jump_stress_test,23061,/workspace/ibex/dv/uvm/out,REGR_MISMATCH,,,,,,pc_diff,1,0,74,74,80005bbe,80005bc2,csrrc,c.addi,csrrc|c.addi,76,8434,8000,70,6,12202,d7af0a96b1c57296,17143afbcdf4d94e,b09e412a137683f2
57,bug_129,riscv_jump_stress_test,23062,/workspace/ibex/dv/uvm/out,REGR_MISMATCH,,,,,,pc_diff,1,0,323,323,80000572,80000552,remu,c.li,remu|c.li,333,664,8000,70,6,1695,863a44d795f81a01,9e3887ebbae8b4b8,03394f1af06d0448
58,bug_129,riscv_jump_stress_test,23063,/workspace/ibex/dv/uvm/out,REGR_MISMATCH,,,,,,pc_diff,1,0,751,751,80000d76,80000d8a,divu,lui,divu|lui,743,4179,8000,70,6,7445,00713a0359d33147,b0f4c8167df95db1,8ddfcfc40eaa0413
59,bug_129,riscv_jump_stress_test,23064,/workspace/ibex/dv/uvm/out,REGR_MISMATCH,,,,,,pc_diff,1,0,578,578,80003594,800035c2,sltu,xor,sltu|xor,568,8185,8000,70,6,4795,d60c8ffe5bb3d78c,11377e49a0014eb7,ec86b9ee22733b23
60,bug_129,riscv_jump_stress_test,23065,/workspace/ibex/dv/uvm/out,REGR_MISMATCH,,,,,,pc_diff,1,0,482,482,80000b38,80000b30,div,xor,div|xor,459,2897,8000,70,6,5932,f659b61ac011d358,43e97a618e6fe7ee,dcd364fc8eafe40b
61,bug_129,riscv_jump_stress_test,23066,/workspace/ibex/dv/uvm/out,REGR_MISMATCH,,,,,,pc_diff,1,0,162,162,80000406,80000358,xori,srai,xori|srai,151,34,8000,70,6,466,fbe5e13d18dea25d,271a03dff6afce7b,1ee84e0b2d66c3f0
62,bug_129,riscv_jump_stress_test,23067,/workspace/ibex/dv/uvm/out,REGR_MISMATCH,,,,,,pc_diff,1,0,114,114,80000248,80000258,mulhsu,slti,mulhsu|slti,114,1365,8000,70,6,2303,a991f2773159d71a,6bba32592804ed96,73ccc1fde979d37e
63,bug_129,riscv_jump_stress_test,23068,/workspace/ibex/dv/uvm/out,REGR_MISMATCH,,,,,,pc_diff,1,0,144,144,800002e2,800002de,jalr,c.add,jalr|c.add,159,2708,8000,70,6,4487,c7229ab497f3cb16,1fa3c0ba5b861977,e12b97f14653ed08
64,bug_129,riscv_jump_stress_test,23069,/workspace/ibex/dv/uvm/out,REGR_MISMATCH,,,,,,pc_diff,1,0,310,310,800007c6,800007f0,c.lui,srai,c.lui|srai,291,2985,8000,70,6,5602,f034ccc8e9911d9d,afa19aeb5f4c0823,857b445cb6c14c16
65,bug_129,riscv_jump_stress_test,23070,/workspace/ibex/dv/uvm/out,REGR_MISMATCH,,,,,,pc_diff,1,0,742,742,80000b22,80000b48,c.srli,slt,c.srli|slt,721,1608,8000,70,6,3566,596786d1d9cf3a84,e224b222b932177d,db0dab7b9eedee3e
66,bug_129,riscv_jump_stress_test,23071,/workspace/ibex/dv/uvm/out,REGR_MISMATCH,,,,,,pc_diff,1,0,549,549,80003f7c,80003f90,srli,c.slli,srli|c.slli,541,2973,8000,70,6,4313,4ebe3e8b651b5376,5aac76697f4f6c93,e399323ea7d3a9dd
67,bug_129,riscv_jump_stress_test,23072,/workspace/ibex/dv/uvm/out,REGR_MISMATCH,,,,,,pc_diff,1,0,194,194,800026a8,800026d2,add,sltu,add|sltu,197,2201,8000,70,6,3565,e5ad1b24005b0f37,45ccdbfd54ac8a66,a6ba8fe8f96e0ba4
68,bug_129,riscv_jump_stress_test,23073,/workspace/ibex/dv/uvm/out,REGR_MISMATCH,,,,,,pc_diff,1,0,1121,1121,800027bc,80002790,slt,addi,slt|addi,1127,3553,8000,70,6,6928,4d62ebe87e857d7d,c8f8cf942a6de358,1fd67921037c4132
69,bug_129,riscv_jump_stress_test,23074,/workspace/ibex/dv/uvm/out,REGR_MISMATCH,,,,,,pc_diff,1,0,727,727,80000d42,80000d16,c.srai,or,c.srai|or,717,3003,8000,70,6,5706,082a4d0e463499cb,afae345fcc20b12c,381f8b7d2fe4be48
70,bug_129,riscv_jump_stress_test,23075,/workspace/ibex/dv/uvm/out,REGR_MISMATCH,,,,,,pc_diff,1,0,437,437,8000078c,80000752,remu,c.mv,remu|c.mv,434,4299,8000,70,6,6806,4d0147f54d4a36fb,93feffc62a86e2f0,264832e48f8d9652
71,bug_129,riscv_machine_mode_rand_test,23076,/workspace/ibex/dv/uvm/out,REGR_MISMATCH,,,,,,pc_diff,1,0,112,112,8000023a,80000204,mulhu,c.srli,mulhu|c.srli,112,3921,8000,70,6,6348,164bdf16ad2b6402,ec6c9ede832d4b12,b184917c5edb4a69
72,bug_129,riscv_machine_mode_rand_test,23077,/workspace/ibex/dv/uvm/out,REGR_MISMATCH,,,,,,pc_diff,1,0,119,119,80000264,8000027e,lui,sll,lui|sll,323,2897,8000,70,6,4815,3c8bb2f01f5d5c84,e648913c815c77b1,78a2b9fd6c99549d
73,bug_129,riscv_machine_mode_rand_test,23078,/workspace/ibex/dv/uvm/out,REGR_MISMATCH,,,,,,pc_diff,1,0,317,317,8000729c,8000728e,c.lui,lui,c.lui|lui,282,1016,8000,70,6,2105,0958bd19314cc2c4,d361ee5a5c126480,ad8f97fedf7ea5e9
74,bug_129,riscv_machine_mode_rand_test,23079,/workspace/ibex/dv/uvm/out,REGR_MISMATCH,,,,,,pc_diff,1,0,142,142,8000045c,8000046a,andi,csrrs,andi|csrrs,130,561,8000,70,6,1263,5b2763acc12cce17,a3d5003a00c3d2e7,e692a5deaa375ef0
75,bug_129,riscv_machine_mode_rand_test,23080,/workspace/ibex/dv/uvm/out,REGR_MISMATCH,,,,,,pc_diff,1,0,65,65,80000170,8000016c,jalr,mulhu,jalr|mulhu,72,5761,8000,70,6,10154,e70ae54889d52013,e2a7d3d8e6fc0e8e,aa9c47a7924b7d4d
76,bug_129,riscv_machine_mode_rand_test,23081,/workspace/ibex/dv/uvm/out,REGR_MISMATCH,,,,,,pc_diff,1,0,63,63,80000178,800001a8,csrrci,div,csrrci|div,60,2567,8000,70,6,4001,3d0d70af181a4412,4b3d8f1455400dfc,bfc2fabeea5f6d42
77,bug_129,riscv_machine_mode_rand_test,23082,/workspace/ibex/dv/uvm/out,REGR_MISMATCH,,,,,,pc_diff,1,0,58,58,80000162,8000015e,slti,srl,slti|srl,60,1934,8000,70,6,9905,4777ff6446037f27,73cdce8496591c34,d415ebf56870f791
78,bug_129,riscv_machine_mode_rand_test,23083,/workspace/ibex/dv/uvm/out,REGR_MISMATCH,,,,,,pc_diff,1,0,112,112,800002e2,8000030c,and,slti,and|slti,137,6781,8000,70,6,10570,b4cb75e17817b811,165a666f8a039528,7289e896a81d0a3b
79,bug_129,riscv_machine_mode_rand_test,23084,/workspace/ibex/dv/uvm/out,REGR_MISMATCH,,,,,,pc_diff,1,0,152,152,80000442,8000042a,c.addi4spn,or,c.addi4spn|or,252,7213,8000,70,6,11354,bdca1743122ece66,9c13967fc7f6c8b6,914fc8d805d75815
80,bug_129,riscv_machine_mode_rand_test,23086,/workspace/ibex/dv/uvm/out,REGR_MISMATCH,,,,,,pc_diff,1,0,184,184,80007eee,80007f2a,lui,sll,lui|sll,154,811,8000,70,6,1586,9e0a3432996d44b8,fef3f2b394cc2708,0e076ae7826b2731
81,bug_129,riscv_machine_mode_rand_test,23087,/workspace/ibex/dv/uvm/out,REGR_MISMATCH,,,,,,pc_diff,1,0,154,154,800003f8,800003f6,slt,c.sub,slt|c.sub,139,2189,8000,70,6,3515,95b6fbe0b841a522,5930a80628d4153c,ec5bd7e1d9544663
82,bug_129,riscv_machine_mode_rand_test,23088,/workspace/ibex/dv/uvm/out,REGR_MISMATCH,,,,,,pc_diff,1,0,146,146,80004e40,80004e5e,csrrci,csrrwi,csrrci|csrrwi,156,4194,8000,70,6,6192,f7ebebc5f1bcb8f0,5a180f70f2e51e9c,e55bfc4c87a6e295
83,bug_129,riscv_machine_mode_rand_test,23089,/workspace/ibex/dv/uvm/out,REGR_MISMATCH,,,,,,pc_diff,1,0,180,180,80000552,80000536,csrrci,xori,csrrci|xori,187,2583,8000,70,6,4324,07a0a11cf273c2cc,415d60ccbaf05375,adeb1f83a4b5ab13
84,bug_129,riscv_machine_mode_rand_test,23090,/workspace/ibex/dv/uvm/out,REGR_MISMATCH,,,,,,pc_diff,1,0,166,166,800004e8,80000512,sltu,sltu,sltu|sltu,151,333,8000,70,6,866,1b6f88b9499e16c1,5febfe8765c89ffa,f82a5133b5642351
85,bug_129,riscv_machine_mode_rand_test,23091,/workspace/ibex/dv/uvm/out,REGR_MISMATCH,,,,,,pc_diff,1,0,84,84,8000022e,80000232,mul,slt,mul|slt,77,1987,8000,70,6,6050,17f2f6c87bd90c53,a2eaa9b754238e02,c8fa751486e0f881
86,bug_129,riscv_machine_mode_rand_test,23092,/workspace/ibex/dv/uvm/out,REGR_MISMATCH,,,,,,pc_diff,1,0,228,228,800006b2,80000684,mul,c.sub,mul|c.sub,200,4769,8000,70,6,1675,6bd3951ec81bdcc0,13938a2220bb3eb7,893de76dc4b9f9e5
87,bug_129,riscv_machine_mode_rand_test,23093,/workspace/ibex/dv/uvm/out,REGR_MISMATCH,,,,,,pc_diff,1,0,103,103,800067b2,80006794,and,addi,and|addi,107,9066,8000,70,6,36465,eff98c2efa7d47d5,5dc11d93da60e01a,377a0775f8069b20
88,bug_129,riscv_machine_mode_rand_test,23094,/workspace/ibex/dv/uvm/out,REGR_MISMATCH,,,,,,pc_diff,1,0,132,132,8000196e,8000196a,c.addi,addi,c.addi|addi,156,3569,8000,70,6,6375,c094dedf31f9f92f,426e91fcbcbf5813,57ac876b66f300f6
89,bug_129,riscv_machine_mode_rand_test,23096,/workspace/ibex/dv/uvm/out,REGR_MISMATCH,,,,,,pc_diff,1,0,143,143,800021fa,800021ca,lui,mulhu,lui|mulhu,160,4835,8000,70,6,7448,646f69bea707a4b5,fa710dc677980c3b,04626b91a72b6058
90,bug_129,riscv_machine_mode_rand_test,23097,/workspace/ibex/dv/uvm/out,REGR_MISMATCH,,,,,,pc_diff,1,0,65,65,80000202,800001d8,c.lui,csrrsi,c.lui|csrrsi,65,883,8000,70,6,1655,048e24b2ce4269ef,e5cc08265dd34b19,81dc2d711994341b
91,bug_129,riscv_machine_mode_rand_test,23098,/workspace/ibex/dv/uvm/out,REGR_MISMATCH,,,,,,pc_diff,1,0,142,142,80001730,8000170e,sltu,srl,sltu|srl,181,4243,8000,70,6,6641,5997979aa0345b98,f3c0c4e00d24e318,03dec8f941f1950b
92,bug_129,riscv_machine_mode_rand_test,23099,/workspace/ibex/dv/uvm/out,REGR_MISMATCH,,,,,,pc_diff,1,0,127,127,80000370,8000033c,c.srai,and,c.srai|and,120,2646,8000,70,6,4333,9848c7f855771224,260700e66062056e,3688f961a23bf89f
93,bug_129,riscv_machine_mode_rand_test,23100,/workspace/ibex/dv/uvm/out,REGR_MISMATCH,,,,,,pc_diff,1,0,98,98,80005c0e,80005c0c,srli,c.addi16sp,srli|c.addi16sp,118,5747,8000,70,6,8694,eae26901294144e4,3563d9c5c957197b,3927c558dca48b77
94,bug_130,riscv_jump_stress_test,23102,/workspace/ibex/dv/uvm/out,REGR_MISMATCH,,,,,,pc_diff,1,0,839,839,80003a2c,80003a3a,c.addi,and,c.addi|and,817,9567,8000,70,6,15749,290ba503b5d15c26,41121c82e895dd9f,d3fe0ab710f0f6d1
95,bug_130,riscv_jump_stress_test,23103,/workspace/ibex/dv/uvm/out,REGR_MISMATCH,,,,,,pc_diff,1,0,230,230,80000bfc,80000c2c,srl,div,srl|div,220,3853,8000,70,6,912,eb7b825399329981,dcea493a5ef56a8d,b40fe8ff75c6cb86
96,bug_130,riscv_jump_stress_test,23104,/workspace/ibex/dv/uvm/out,REGR_MISMATCH,,,,,,pc_diff,1,0,67,67,80000182,80000186,addi,jalr,addi|jalr,63,2949,8000,70,6,4637,b333a2e593d6ee37,e2de6bc0cfb293a7,ebfb08c55585ee16
97,bug_130,riscv_jump_stress_test,23105,/workspace/ibex/dv/uvm/out,REGR_MISMATCH,,,,,,pc_diff,1,0,161,161,80005b56,80005b4a,c.li,c.lui,c.li|c.lui,159,4845,8000,70,6,7383,e905937600646681,73579a38f2b14bb5,9b6bf55aef81c0fe
98,bug_130,riscv_jump_stress_test,23106,/workspace/ibex/dv/uvm/out,REGR_MISMATCH,,,,,,pc_diff,1,0,180,180,80000414,80000420,rem,srli,rem|srli,173,29,8000,70,6,463,7de60634cb88ecc8,7376741cc8ba9fc0,12e437aba4426e88
99,bug_130,riscv_jump_stress_test,23107,/workspace/ibex/dv/uvm/out,REGR_MISMATCH,,,,,,pc_diff,1,0,278,278,80004a84,80004a68,sll,divu,sll|divu,274,3933,8000,70,6,6003,2399f6a3fd4b882e,3ceff036a2e3ffbf,8b23c47ef4895609
100,bug_130,riscv_jump_stress_test,23108,/workspace/ibex/dv/uvm/out,REGR_MISMATCH,,,,,,pc_diff,1,0,779,779,80003f32,80003f0c,mulh,c.sub,mulh|c.sub,763,3406,8000,70,6,6303,430a0907590ce329,6700c8b8963b0c7e,a57a861b8702463e
101,bug_130,riscv_jump_stress_test,23110,/workspace/ibex/dv/uvm/out,REGR_MISMATCH,,,,,,pc_diff,1,0,398,398,80000806,800007f2,csrrwi,mulhu,csrrwi|mulhu,381,197,8000,70,6,1035,bd37ab0098464e97,55b6b88f57d8406f,7c7d8bf4a0db11a0
102,bug_130,riscv_jump_stress_test,23111,/workspace/ibex/dv/uvm/out,REGR_MISMATCH,,,,,,pc_diff,1,0,1397,1397,80000df6,80000e1c,c.addi16sp,c.mv,c.addi16sp|c.mv,1321,2087,8000,70,6,5306,af737a5342c9942c,51466e59582add11,337bbb655ed2f81c
103,bug_130,riscv_jump_stress_test,23113,/workspace/ibex/dv/uvm/out,REGR_MISMATCH,,,,,,pc_diff,1,0,909,909,80001382,800013bc,c.li,mulhsu,c.li|mulhsu,830,185,8000,70,6,1700,047ffd56887d7890,554de0c58fea3500,01432e3dd0a3434e
104,bug_130,riscv_jump_stress_test,23114,/workspace/ibex/dv/uvm/out,REGR_MISMATCH,,,,,,pc_diff,1,0,89,89,80005bbe,80005ba6,c.slli,addi,c.slli|addi,103,3510,8000,70,6,5413,b3f48f36962ced73,561f2d29f88ee4fa,f2c67aa914c3c732
105,bug_130,riscv_jump_stress_test,23115,/workspace/ibex/dv/uvm/out,REGR_MISMATCH,,,,,,pc_diff,1,0,623,623,80000aea,80000aae,divu,slli,divu|slli,617,2859,8000,70,6,5501,510d1fe9c00bb214,4bc48f7bc16114cf,6f7b83433955e06d
106,bug_130,riscv_jump_stress_test,23116,/workspace/ibex/dv/uvm/out,REGR_MISMATCH,,,,,,pc_diff,1,0,341,341,80000870,80000868,c.addi16sp,and,c.addi16sp|and,305,111,8000,70,6,831,ebb3d8609a82b044,384c9d6d74740ca8,5440993bae0d29f9
107,bug_130,riscv_jump_stress_test,23117,/workspace/ibex/dv/uvm/out,REGR_MISMATCH,,,,,,pc_diff,1,0,837,837,80000da4,80000dc2,c.mv,c.slli,c.mv|c.slli,833,1412,8000,70,6,3721,e49911425329af2b,ef13cc553db912b1,73249fb75ca491c1
108,bug_130,riscv_machine_mode_rand_test,23118,/workspace/ibex/dv/uvm/out,REGR_MISMATCH,,,,,,pc_diff,1,0,59,59,80000162,80000172,or,xori,or|xori,291,4066,8000,70,6,6179,1b47f696bdba8648,11ecc3fcf15d629b,8ff225280d222504
109,bug_130,riscv_machine_mode_rand_test,23119,/workspace/ibex/dv/uvm/out,REGR_MISMATCH,,,,,,pc_diff,1,0,148,148,80000448,80000420,sub,rem,sub|rem,126,1859,8000,70,6,3273,3e833d37296a0e60,cb126a37653b3f5c,2ca29522e73ad52f
110,bug_130,riscv_machine_mode_rand_test,23120,/workspace/ibex/dv/uvm/out,REGR_MISMATCH,,,,,,pc_diff,1,0,72,72,800001b6,800001f0,srli,c.xor,srli|c.xor,97,5834,8000,70,6,6822,4430c0c578e1ec40,bf6dcff6225c65db,b6fab9ea0051c41c
111,bug_130,riscv_machine_mode_rand_test,23122,/workspace/ibex/dv/uvm/out,REGR_MISMATCH,,,,,,pc_diff,1,0,84,84,80000228,80000220,c.addi4spn,mul,c.addi4spn|mul,140,4371,8000,70,6,6573,b63b7766f8cae3a0,fe46e936e573f42e,62e105acbb374f15
112,bug_130,riscv_machine_mode_rand_test,23123,/workspace/ibex/dv/uvm/out,REGR_MISMATCH,,,,,,pc_diff,1,0,256,256,80002fdc,80003010,or,sll,or|sll,220,1473,8000,70,6,2848,3b862b62eae20bdd,dd1a08d9ecc04dd4,2730ba1c26748c86
113,bug_130,riscv_machine_mode_rand_test,23124,/workspace/ibex/dv/uvm/out,REGR_MISMATCH,,,,,,pc_diff,1,0,300,300,800007ce,800007da,csrrci,add,csrrci|add,308,2023,8000,70,6,3565,e1c2a21671cee3e5,674e33aa6e53c1bd,6b11360a33601066
114,bug_130,riscv_machine_mode_rand_test,23125,/workspace/ibex/dv/uvm/out,REGR_MISMATCH,,,,,,pc_diff,1,0,98,98,80004d8c,80004d72,c.sub,mulhsu,c.sub|mulhsu,93,5106,8000,70,6,2531,dd6b432132677ad8,cc399283123d7b4f,2f1668a9cbef8e60
115,bug_130,riscv_machine_mode_rand_test,23126,/workspace/ibex/dv/uvm/out,REGR_MISMATCH,,,,,,pc_diff,1,0,384,384,800061f6,80006206,csrrci,andi,csrrci|andi,377,10754,8000,70,6,15889,afa3fc4e4afeaea4,8ecd87a9ccbd7ca9,5a25bd17ebfa3d3f
116,bug_130,riscv_machine_mode_rand_test,23127,/workspace/ibex/dv/uvm/out,REGR_MISMATCH,,,,,,pc_diff,1,0,258,258,80000626,80000612,mulhu,srl,mulhu|srl,215,534,8000,70,6,10506,30e0510275a12201,3ec8317dae7418ea,093f33ccbc15ebdf
117,bug_130,riscv_machine_mode_rand_test,23128,/workspace/ibex/dv/uvm/out,REGR_MISMATCH,,,,,,pc_diff,1,0,77,77,800001f0,800001c4,c.srai,srli,c.srai|srli,135,13672,8000,70,6,21629,5cea2df10a9b7f56,ed42e3ca00cabda1,d3ff479b0e366ab4
118,bug_130,riscv_machine_mode_rand_test,23129,/workspace/ibex/dv/uvm/out,REGR_MISMATCH,,,,,,pc_diff,1,0,225,225,80005538,80005504,or,and,or|and,202,188,8000,70,6,781,7732f9cd7217d432,19e8e61d4a06f0d1,9110c76bea954810
119,bug_130,riscv_machine_mode_rand_test,23130,/workspace/ibex/dv/uvm/out,REGR_MISMATCH,,,,,,pc_diff,1,0,359,359,800008ee,800008c8,c.srli,rem,c.srli|rem,453,1872,8000,70,6,8335,7fdb1f767dfeb7f1,507d4bd8066ed294,4fca4b0602f61f63
120,bug_130,riscv_machine_mode_rand_test,23131,/workspace/ibex/dv/uvm/out,REGR_MISMATCH,,,,,,pc_diff,1,0,227,227,80005946,80005942,mulhu,or,mulhu|or,197,5801,8000,70,6,9432,cfb5f91023d1e7c5,cb05a2a207f53087,f915efdf4c9d1de6
121,bug_130,riscv_machine_mode_rand_test,23132,/workspace/ibex/dv/uvm/out,REGR_MISMATCH,,,,,,pc_diff,1,0,85,85,80000428,80000452,c.lui,or,c.lui|or,92,5786,8000,70,6,2481,43d844ecbc412518,f16736bb08db86a6,a1262521a9f6248b
122,bug_130,riscv_machine_mode_rand_test,23133,/workspace/ibex/dv/uvm/out,REGR_MISMATCH,,,,,,pc_diff,1,0,81,81,800001dc,800001f0,csrrsi,xori,csrrsi|xori,70,2708,8000,70,6,4075,93c92b61e7571888,2eb0a1254479a60c,03879f446c8d33c6
123,bug_130,riscv_machine_mode_rand_test,23134,/workspace/ibex/dv/uvm/out,REGR_MISMATCH,,,,,,pc_diff,1,0,188,188,8000397e,80003996,ori,auipc,ori|auipc,165,2615,8000,70,6,5135,5e67c337c93334e3,f42f7682049eabfa,a675b8e4f0fa7ce2
124,bug_130,riscv_rand_jump_test,23135,/workspace/ibex/dv/uvm/out,REGR_MISMATCH,,,,,,pc_diff,1,0,325,325,8000ae8a,8000ae4a,mul,c.addi,mul|c.addi,258,7067,8000,70,6,12629,b7a5f6923aa70150,7ed4793eaea14c54,b80344b0b8c97768
125,bug_130,riscv_rand_jump_test,23136,/workspace/ibex/dv/uvm/out,REGR_MISMATCH,,,,,,pc_diff,1,0,737,737,8000261a,8000264e,addi,xori,addi|xori,693,2822,8000,70,6,7411,42fe028cea3fecd1,c2af48e84ab3158b,43b611cf3cab5e28
126,bug_130,riscv_rand_jump_test,23137,/workspace/ibex/dv/uvm/out,REGR_MISMATCH,,,,,,pc_diff,1,0,1405,1405,80001d20,80001d48,c.addi16sp,sra,c.addi16sp|sra,1312,3357,8000,70,6,6694,774bdede2149ab4b,488c3670c67ce8ff,63102f09fa5ba0c4
127,bug_130,riscv_rand_jump_test,23138,/workspace/ibex/dv/uvm/out,REGR_MISMATCH,,,,,,pc_diff,1,0,318,318,8000c972,8000c994,mulhsu,c.sub,mulhsu|c.sub,251,1006,8000,70,6,49126,244706a1c3162a16,d0e19d585339af30,0a012e2ed241be71
128,bug_130,riscv_rand_jump_test,23140,/workspace/ibex/dv/uvm/out,REGR_MISMATCH,,,,,,pc_diff,1,0,456,456,80003db8,80003d9a,c.xor,mulh,c.xor|mulh,417,37882,8000,70,6,64814,f78380ab318bd5b0,87fd01437df71db7,942f8a5fcc59c018
129,bug_130,riscv_rand_jump_test,23141,/workspace/ibex/dv/uvm/out,REGR_MISMATCH,,,,,,pc_diff,1,0,753,753,8000103e,8000100e,mulhsu,c.addi,mulhsu|c.addi,554,10735,8000,70,6,35103,e29ad37b99bd5f51,0f753a39d719aec5,f650dd7a15ba7d29
130,bug_130,riscv_rand_jump_test,23142,/workspace/ibex/dv/uvm/out,REGR_MISMATCH,,,,,,pc_diff,1,0,1674,1674,80001f68,80001f2a,andi,xori,andi|xori,1602,6935,8000,70,6,12483,bd15aef436c75b9b,64a4876e2b79ca45,b0c4f23dbcfa78a4
131,bug_130,riscv_rand_jump_test,23144,/workspace/ibex/dv/uvm/out,REGR_MISMATCH,,,,,,pc_diff,1,0,63,63,8000016e,8000017c,c.sub,jalr,c.sub|jalr,1788,292749,8000,70,6,191519,d005e1aae6324f18,487365593371a256,21a4e65273b9c3fd
132,bug_130,riscv_rand_jump_test,23147,/workspace/ibex/dv/uvm/out,REGR_MISMATCH,,,,,,pc_diff,1,0,570,570,80004ce0,80004cb6,mulhu,c.xor,mulhu|c.xor,959,277842,8000,70,6,404054,e4d9302d75090a9c,b4c64f2c2e699af2,d22135941d3eb4ba
133,bug_130,riscv_rand_jump_test,23149,/workspace/ibex/dv/uvm/out,REGR_MISMATCH,,,,,,pc_diff,1,0,96,96,80003aa6,80003ab6,sra,jalr,sra|jalr,124,20614,8000,70,6,29284,541c7efb5c3ecd53,ec219b9cabd140d3,463f7584de315107
134,bug_130,riscv_rand_jump_test,23150,/workspace/ibex/dv/uvm/out,REGR_MISMATCH,,,,,,pc_diff,1,0,956,956,8000b9ca,8000b98c,srl,mul,srl|mul,902,5598,8000,70,6,10140,ee11f109a63b2c5d,4f6fade731c5650e,b794ab098e4bd63c
135,bug_132,riscv_jump_stress_test,23151,/workspace/ibex/dv/uvm/out,REGR_MISMATCH,,,,,,pc_diff,1,0,404,404,80000690,800006b6,mulh,c.addi16sp,mulh|c.addi16sp,392,4698,8000,70,6,7375,1d9c07c4e74b143a,2ef9d1449b4d7ee1,e6183b605df51ae6
136,bug_132,riscv_jump_stress_test,23152,/workspace/ibex/dv/uvm/out,REGR_MISMATCH,,,,,,pc_diff,1,0,109,109,80003c98,80003c9e,srl,addi,srl|addi,99,3551,8000,70,6,3269,75c25952c2ec52d8,739046552e28c5a0,32dff18a567cb6b1
137,bug_132,riscv_jump_stress_test,23153,/workspace/ibex/dv/uvm/out,REGR_MISMATCH,,,,,,pc_diff,1,0,784,784,80002848,800027f8,c.li,srli,c.li|srli,785,2889,8000,70,6,5349,26186d29343a2fe4,6ce3a27417bf70e8,0b21ab2d0e40e80a
138,bug_132,riscv_jump_stress_test,23154,/workspace/ibex/dv/uvm/out,REGR_MISMATCH,,,,,,pc_diff,1,0,634,634,80000b44,80000b22,andi,xor,andi|xor,653,1405,8000,70,6,3218,5190b41204eb3ce1,da3331217875be12,c8d2d683ea4c9f7d
139,bug_132,riscv_jump_stress_test,23155,/workspace/ibex/dv/uvm/out,REGR_MISMATCH,,,,,,pc_diff,1,0,501,501,8000086e,8000088e,divu,c.sub,divu|c.sub,507,951,8000,70,6,2346,d4d0e37c64fdcc08,7688ce7ecd1e31bf,0a176708ed71b222
140,bug_132,riscv_jump_stress_test,23156,/workspace/ibex/dv/uvm/out,REGR_MISMATCH,,,,,,pc_diff,1,0,976,976,800029f4,800029b6,xori,mul,xori|mul,971,1694,8000,70,6,3966,7d5fce92c90b8eec,fe64c6aaff4d8a6f,e0094decb6de48e9
141,bug_132,riscv_jump_stress_test,23157,/workspace/ibex/dv/uvm/out,REGR_MISMATCH,,,,,,pc_diff,1,0,395,395,80003f00,80003f32,csrrci,mulhsu,csrrci|mulhsu,391,2243,8000,70,6,5420,1f2ff720c9b0205d,01710674dfe609c6,4a9e6248870c448c
142,bug_132,riscv_jump_stress_test,23158,/workspace/ibex/dv/uvm/out,REGR_MISMATCH,,,,,,pc_diff,1,0,687,687,800039ac,80003994,rem,c.lui,rem|c.lui,685,9635,8000,70,6,15535,5a0416bdc3ca0a1e,e52e9201957cbbab,a8ecc545b8092b95
143,bug_132,riscv_jump_stress_test,23159,/workspace/ibex/dv/uvm/out,REGR_MISMATCH,,,,,,pc_diff,1,0,331,331,800005d4,800005ba,div,and,div|and,327,3484,8000,70,6,5649,99fe3bdd1ef56448,013780ce20b20b07,38b48183bf2e927d
144,bug_132,riscv_jump_stress_test,23160,/workspace/ibex/dv/uvm/out,REGR_MISMATCH,,,,,,pc_diff,1,0,302,302,80000520,8000055c,c.li,slt,c.li|slt,313,2866,8000,70,6,5181,5d54291fc33bc3a4,652206795c946307,6d9ef495c436a3cf
145,bug_132,riscv_jump_stress_test,23161,/workspace/ibex/dv/uvm/out,REGR_MISMATCH,,,,,,pc_diff,1,0,354,354,8000247e,800024ba,csrrc,mul,csrrc|mul,346,3112,8000,70,6,7599,6fdcb867b8136947,bf5ee5a54c29b3f8,7945a2f07fd4091e
146,bug_132,riscv_jump_stress_test,23162,/workspace/ibex/dv/uvm/out,REGR_MISMATCH,,,,,,pc_diff,1,0,1107,1107,80001df8,80001dfe,slti,c.addi16sp,slti|c.addi16sp,1104,6630,8000,70,6,11531,72a34f5ba2d0aefd,e70c5bed8c0e735c,32f9f941bffd8d1b
147,bug_132,riscv_jump_stress_test,23163,/workspace/ibex/dv/uvm/out,REGR_MISMATCH,,,,,,pc_diff,1,0,119,119,8000030e,8000033a,xori,c.xor,xori|c.xor,107,37,8000,70,6,500,a6c7826e14c86797,efe67f4d5648100e,48df45ae89201bb2
148,bug_132,riscv_jump_stress_test,23164,/workspace/ibex/dv/uvm/out,REGR_MISMATCH,,,,,,pc_diff,1,0,602,602,800009f2,800009d4,c.andi,sll,c.andi|sll,594,3424,8000,70,6,6211,8588fdccaf5c39fa,b7dcf0c9096a02e8,5b9297459163d0f2
149,bug_132,riscv_jump_stress_test,23165,/workspace/ibex/dv/uvm/out,REGR_MISMATCH,,,,,,pc_diff,1,0,314,314,80002244,80002272,auipc,slt,auipc|slt,308,3845,8000,70,6,5297,f2a146458d4be81b,89d0447546d02603,efba8f749ce70084
150,bug_132,riscv_jump_stress_test,23166,/workspace/ibex/dv/uvm/out,REGR_MISMATCH,,,,,,pc_diff,1,0,200,200,80000394,8000040c,c.andi,jal,c.andi|jal,210,3333,8000,70,6,5266,f986c8dde4a6bdfc,fad6591226ce2d55,1f38aecb15d2045c
151,bug_132,riscv_rand_instr_test,23168,/workspace/ibex/dv/uvm/out,REGR_MISMATCH,,,,,,pc_diff,1,0,81,81,80001978,80001974,c.addi16sp,auipc,c.addi16sp|auipc,82,4085,8000,70,6,5662,c2e727940f2a9940,95b248061c696783,270a37f686516b90
152,bug_132,riscv_rand_instr_test,23170,/workspace/ibex/dv/uvm/out,REGR_MISMATCH,,,,,,pc_diff,1,0,75,75,800001d6,8000020a,divu,c.mv,divu|c.mv,86,2000,8000,70,6,3544,93ed94a7a61b6e8e,32f40e30e07f1162,b1b8ffb1eadb0005
153,bug_132,riscv_rand_instr_test,23171,/workspace/ibex/dv/uvm/out,REGR_MISMATCH,,,,,,pc_diff,1,0,86,86,80000234,800001f8,srl,srai,srl|srai,95,9516,8000,70,6,1694,8fcf8cf1e22a28d2,8d6419c62ab4dd5e,01aadee1657d0476
154,bug_132,riscv_rand_instr_test,23172,/workspace/ibex/dv/uvm/out,REGR_MISMATCH,,,,,,pc_diff,1,0,101,101,8000044c,8000047e,mulh,mulh,mulh|mulh,117,3681,8000,70,6,7850,e8c070f0e64d0b30,e65aae5cb119c02d,f25be4ddb0002f17
155,bug_132,riscv_rand_instr_test,23174,/workspace/ibex/dv/uvm/out,REGR_MISMATCH,,,,,,pc_diff,1,0,108,108,80000298,8000027c,lui,rem,lui|rem,96,743,8000,70,6,6792,64409da94389d981,5a9a109cb8cc0f5c,b2847ae5e1c268c8
156,bug_132,riscv_rand_instr_test,23175,/workspace/ibex/dv/uvm/out,REGR_MISMATCH,,,,,,pc_diff,1,0,139,139,80004b84,80004b58,xori,slti,xori|slti,163,13770,8000,70,6,20949,e43aed43c573b648,3b4bef67990d6da7,bc7f8464f6cfea75
157,bug_132,riscv_rand_instr_test,23176,/workspace/ibex/dv/uvm/out,REGR_MISMATCH,,,,,,pc_diff,1,0,65,65,80000188,80000196,slti,sra,slti|sra,67,4650,8000,70,6,2623,e54e44848e92da34,c1aeedd29e042d23,6756e28655a1ff02
158,bug_132,riscv_rand_instr_test,23177,/workspace/ibex/dv/uvm/out,REGR_MISMATCH,,,,,,pc_diff,1,0,80,80,800001c6,800001be,c.lui,mulh,c.lui|mulh,86,4025,8000,70,6,6213,7adf9e3a4a2d998b,9c8b5498bf146405,5f251732c91d1216
159,bug_132,riscv_rand_instr_test,23178,/workspace/ibex/dv/uvm/out,REGR_MISMATCH,,,,,,pc_diff,1,0,61,61,80000198,80000170,c.lui,c.sub,c.lui|c.sub,55,3952,8000,70,6,1875,a6f03fbb26580ae3,8b37a08bbc21b4e7,e1ce3413c36edf5d
160,bug_132,riscv_rand_instr_test,23179,/workspace/ibex/dv/uvm/out,REGR_MISMATCH,,,,,,pc_diff,1,0,181,181,80001c3c,80001c0a,srli,c.and,srli|c.and,276,14489,8000,70,6,22391,b796b847ce220ce5,297d6d000a98e20e,babb732644d26900
161,bug_132,riscv_rand_instr_test,23180,/workspace/ibex/dv/uvm/out,REGR_MISMATCH,,,,,,pc_diff,1,0,97,97,800037c0,80003788,c.addi,csrrs,c.addi|csrrs,99,5276,8000,70,6,10761,55325cee131a7a38,97de6aefbefd5545,e3844135b92998d4
162,bug_132,riscv_rand_instr_test,23181,/workspace/ibex/dv/uvm/out,REGR_MISMATCH,,,,,,pc_diff,1,0,139,139,80006664,80006692,or,slli,or|slli,136,6711,8000,70,6,9984,9f0536477852248a,24b65ae3b4fc37ac,38b6a574927731a6
163,bug_132,riscv_rand_instr_test,23182,/workspace/ibex/dv/uvm/out,REGR_MISMATCH,,,,,,pc_diff,1,0,69,69,8000018e,80000182,slli,xori,slli|xori,68,909,8000,70,6,1721,e90043c6bedbf0f8,c3d2842e8387c85a,b9582d9c667e7036
164,bug_132,riscv_rand_instr_test,23183,/workspace/ibex/dv/uvm/out,REGR_MISMATCH,,,,,,pc_diff,1,0,69,69,800001ec,80000226,andi,c.addi4spn,andi|c.addi4spn,72,4555,8000,70,6,7859,2ebbde380ed52abf,bc5d0a00f561db52,10766b50a251f754
165,bug_132,riscv_rand_instr_test,23184,/workspace/ibex/dv/uvm/out,REGR_MISMATCH,,,,,,pc_diff,1,0,105,105,80000264,80000280,sra,srli,sra|srli,106,11214,8000,70,6,16034,77a4a85a300119a2,abcebc81aa33ba21,9a4ec9fe7adc4b5f
166,bug_132,riscv_rand_jump_test,23185,/workspace/ibex/dv/uvm/out,REGR_MISMATCH,,,,,,pc_diff,1,0,195,195,8000a8ac,8000a8b6,sltiu,xori,sltiu|xori,207,10859,8000,70,6,15978,0596578daf855cfd,61f4417568b727a1,c210b4c8376bbe5c
167,bug_132,riscv_rand_jump_test,23187,/workspace/ibex/dv/uvm/out,REGR_MISMATCH,,,,,,pc_diff,1,0,57,57,8000014c,800001ba,c.addi,csrrs,c.addi|csrrs,57,106,8000,70,6,485,9ef5dbfc790f9b02,178dfb386bc155a3,0c0249fb7fe6c716
168,bug_132,riscv_rand_jump_test,23188,/workspace/ibex/dv/uvm/out,REGR_MISMATCH,,,,,,pc_diff,1,0,1758,1758,80008c8e,80008c62,c.addi4spn,addi,c.addi4spn|addi,967,4879,8000,70,6,17008,08fe094471c10192,e80d076e2ca09f3a,f02d04703c3ec692
169,bug_132,riscv_rand_jump_test,23189,/workspace/ibex/dv/uvm/out,REGR_MISMATCH,,,,,,pc_diff,1,0,87,87,800001e0,80000212,add,sra,add|sra,74,8,8000,70,6,350,5ec3d2adf93d5974,5233881f5261149f,0253951724937d71
170,bug_132,riscv_rand_jump_test,23190,/workspace/ibex/dv/uvm/out,REGR_MISMATCH,,,,,,pc_diff,1,0,553,553,80000a96,80000ad2,c.slli,c.or,c.slli|c.or,354,31071,8000,70,6,3229,ce52c2b435a06bc0,51beb7ce49108d05,3d4f28da8a69bdb8
171,bug_132,riscv_rand_jump_test,23191,/workspace/ibex/dv/uvm/out,REGR_MISMATCH,,,,,,pc_diff,1,0,76,76,80010f60,80010f5a,lui,c.or,lui|c.or,102,16790,8001,70,6,24162,7b2685ab0aa1e5fd,db0fae51646d240d,7b797e6890d08901
172,bug_132,riscv_rand_jump_test,23192,/workspace/ibex/dv/uvm/out,REGR_MISMATCH,,,,,,pc_diff,1,0,542,542,80000a24,80000a5c,c.srli,divu,c.srli|divu,539,7376,8000,70,6,9327,a52ba2f41e7c8bb0,61f7d6eda379d671,dc7122b984bd30f1
173,bug_132,riscv_rand_jump_test,23193,/workspace/ibex/dv/uvm/out,REGR_MISMATCH,,,,,,pc_diff,1,0,96,96,800003a6,8000039c,andi,c.slli,andi|c.slli,117,29900,8000,70,6,25412,5f004ec4db9683be,644b02a13073815c,b4b3dcb210143c57
174,bug_132,riscv_rand_jump_test,23194,/workspace/ibex/dv/uvm/out,REGR_MISMATCH,,,,,,pc_diff,1,0,514,514,80000a40,80000a3c,sltiu,srli,sltiu|srli,553,46141,8000,70,6,108616,0242bd0787a608dd,1eedefab0a1d1b8f,cddc7fa7a66fbaab
175,bug_132,riscv_rand_jump_test,23195,/workspace/ibex/dv/uvm/out,REGR_MISMATCH,,,,,,pc_diff,1,0,102,102,80000268,8000025e,c.srai,csrrwi,c.srai|csrrwi,139,4909,8000,70,6,8366,19ef54f500837cdd,7048b7ec7ff08c4f,6d48959cafa7e84c
176,bug_132,riscv_rand_jump_test,23196,/workspace/ibex/dv/uvm/out,REGR_MISMATCH,,,,,,pc_diff,1,0,169,169,800111a4,80011178,csrrs,c.xor,csrrs|c.xor,243,59512,8001,70,6,57521,aae3526a16601627,229ab2cc58977d2a,2582a32bf3e833e3
177,bug_132,riscv_rand_jump_test,23197,/workspace/ibex/dv/uvm/out,REGR_MISMATCH,,,,,,pc_diff,1,0,185,185,80010d8e,80010d92,div,c.addi4spn,div|c.addi4spn,165,10508,8001,70,6,17817,ae7d905f9ef2a9b5,6ac18db2615921a6,fcbd09721cc51fd0
178,bug_132,riscv_rand_jump_test,23198,/workspace/ibex/dv/uvm/out,REGR_MISMATCH,,,,,,pc_diff,1,0,762,762,80000e90,80000e8c,sll,slt,sll|slt,528,1935,8000,70,6,4817,afc57936831d1479,8776e253ba088ae9,d85071dffd20d21e
179,bug_132,riscv_rand_jump_test,23199,/workspace/ibex/dv/uvm/out,REGR_MISMATCH,,,,,,pc_diff,1,0,602,602,80000bc8,80000bf0,c.addi,csrrs,c.addi|csrrs,561,1172,8000,70,6,3528,6578136175e990cd,419cb1d7f8397398,ed520fc3c9df0423
180,bug_132,riscv_rand_jump_test,23200,/workspace/ibex/dv/uvm/out,REGR_MISMATCH,,,,,,pc_diff,1,0,171,171,800004b8,800004b4,srai,addi,srai|addi,150,58,8000,70,6,509,70935a1f3d16c4c8,3b062383523f9338,8b3ea9c7ee5fe432
181,bug_133,riscv_debug_branch_jump_test,23201,/workspace/ibex/dv/uvm/out,UVM_ERROR,UVM_ERROR,mem_model.sv,28,9673000,read to uninitialzed addr 0xfa5591c7,,0,0,,,,,,,,,,,43509,3,892969,216b26fd46c72030,17c61d29fc02f6e1,7d5a168507839877
182,bug_133,riscv_debug_branch_jump_test,23203,/workspace/ibex/dv/uvm/out,UVM_ERROR,UVM_ERROR,mem_model.sv,28,7247000,read to uninitialzed addr 0xf,,0,0,,,,,,,,,,,57676,3,758696,d869116cc46989aa,17c61d29fc02f6e1,803219f13360068c
183,bug_133,riscv_debug_branch_jump_test,23204,/workspace/ibex/dv/uvm/out,UVM_ERROR,UVM_ERROR,mem_model.sv,28,6221000,read to uninitialzed addr 0x3bc7,,0,0,,,,,,,,,,,94391,3,754399,d6eb49d28efd69e1,17c61d29fc02f6e1,2f54a8a84d88a27e
184,bug_133,riscv_debug_branch_jump_test,23205,/workspace/ibex/dv/uvm/out,UVM_ERROR,UVM_ERROR,mem_model.sv,28,15341000,read to uninitialzed addr 0x8010f22f,,0,0,,,,,,,,,,,52865,3,882049,57c90d42d3cf9aa2,17c61d29fc02f6e1,7e765527703e0f57
185,bug_133,riscv_debug_branch_jump_test,23210,/workspace/ibex/dv/uvm/out,UVM_ERROR,UVM_ERROR,mem_model.sv,28,6719000,read to uninitialzed addr 0x8010019b,,0,0,,,,,,,,,,,61675,3,824225,6aa5c6d4b10d09d5,17c61d29fc02f6e1,1f616919191aa60e
186,bug_133,riscv_debug_branch_jump_test,23211,/workspace/ibex/dv/uvm/out,UVM_ERROR,UVM_ERROR,mem_model.sv,28,9957000,read to uninitialzed addr 0x80103043,,0,0,,,,,,,,,,,57987,3,919063,254a81f4bef113e9,17c61d29fc02f6e1,5f30567662699597
187,bug_133,riscv_debug_branch_jump_test,23212,/workspace/ibex/dv/uvm/out,UVM_ERROR,UVM_ERROR,mem_model.sv,28,2391000,read to uninitialzed addr 0x801001d3,,0,0,,,,,,,,,,,72528,3,824773,4f750128e04b1db5,17c61d29fc02f6e1,9a083e1b4cd14765
188,bug_133,riscv_debug_branch_jump_test,23214,/workspace/ibex/dv/uvm/out,UVM_ERROR,UVM_ERROR,mem_model.sv,28,2107000,read to uninitialzed addr 0x80103ae3,,0,0,,,,,,,,,,,34530,3,914385,05460d0b28f2cd9c,17c61d29fc02f6e1,513a6575b0a74aea
189,bug_133,riscv_jump_stress_test,23218,/workspace/ibex/dv/uvm/out,UVM_ERROR,UVM_ERROR,mem_model.sv,28,1627000,read to uninitialzed addr 0x80100157,,0,0,,,,,,,,,,,141785,1,670179,27e8156c3fb5d492,885f2339349da4d9,18544ed59761b1ec
190,bug_133,riscv_jump_stress_test,23219,/workspace/ibex/dv/uvm/out,UVM_ERROR,UVM_ERROR,mem_model.sv,28,1523000,read to uninitialzed addr 0x8010016b,,0,0,,,,,,,,,,,76067,3,638181,baf556bd224dc65d,48bb8bd9540e5e2e,345f6c4cffc26caa
191,bug_133,riscv_jump_stress_test,23220,/workspace/ibex/dv/uvm/out,UVM_ERROR,UVM_ERROR,mem_model.sv,28,1517000,read to uninitialzed addr 0x80100173,,0,0,,,,,,,,,,,144464,1,688781,3018b553b65dbddf,885f2339349da4d9,306e19d9efb782dd
192,bug_133,riscv_jump_stress_test,23221,/workspace/ibex/dv/uvm/out,UVM_ERROR,UVM_ERROR,mem_model.sv,28,1311000,read to uninitialzed addr 0x80100163,,0,0,,,,,,,,,,,140299,1,676743,99e6c8b76de6c211,885f2339349da4d9,f030c3c6de13c6ec
193,bug_133,riscv_jump_stress_test,23222,/workspace/ibex/dv/uvm/out,UVM_ERROR,UVM_ERROR,mem_model.sv,28,1481000,read to uninitialzed addr 0x8010016f,,0,0,,,,,,,,,,,150297,3,710245,1c486a96ceaea255,48bb8bd9540e5e2e,25b407138428058c
194,bug_133,riscv_jump_stress_test,23223,/workspace/ibex/dv/uvm/out,UVM_ERROR,UVM_ERROR,mem_model.sv,28,1407000,read to uninitialzed addr 0x80100173,,0,0,,,,,,,,,,,92410,3,643722,383b395e0c6af85d,48bb8bd9540e5e2e,1160d245bcb8fe98
195,bug_133,riscv_jump_stress_test,23224,/workspace/ibex/dv/uvm/out,UVM_ERROR,UVM_ERROR,mem_model.sv,28,1543000,read to uninitialzed addr 0x8010016f,,0,0,,,,,,,,,,,115083,3,666198,eadf30aa39cdd20b,48bb8bd9540e5e2e,fbcfcbb794170202
196,bug_133,riscv_jump_stress_test,23225,/workspace/ibex/dv/uvm/out,UVM_ERROR,UVM_ERROR,mem_model.sv,28,1999000,read to uninitialzed addr 0x801010eb,,0,0,,,,,,,,,,,150136,3,708377,0b51ccd764e217ce,48bb8bd9540e5e2e,62b023a686ef9975
197,bug_133,riscv_jump_stress_test,23226,/workspace/ibex/dv/uvm/out,UVM_ERROR,UVM_ERROR,mem_model.sv,28,1667000,read to uninitialzed addr 0x8010159f,,0,0,,,,,,,,,,,147811,3,711795,1c95e0839de6e694,48bb8bd9540e5e2e,5cdf1126d2bd7494
198,bug_133,riscv_jump_stress_test,23227,/workspace/ibex/dv/uvm/out,UVM_ERROR,UVM_ERROR,mem_model.sv,28,1349000,read to uninitialzed addr 0x80100163,,0,0,,,,,,,,,,,54005,3,649582,9c726bdd3ced9fd5,48bb8bd9540e5e2e,02bf0abe031199ad
199,bug_133,riscv_jump_stress_test,23228,/workspace/ibex/dv/uvm/out,UVM_ERROR,UVM_ERROR,mem_model.sv,28,1431000,read to uninitialzed addr 0x8010016b,,0,0,,,,,,,,,,,144537,3,695056,2995cd9d51a3bc26,48bb8bd9540e5e2e,4fc2f573ae734704
200,bug_133,riscv_jump_stress_test,23229,/workspace/ibex/dv/uvm/out,UVM_ERROR,UVM_ERROR,mem_model.sv,28,1905000,read to uninitialzed addr 0x801033f3,,0,0,,,,,,,,,,,141979,1,692634,283060c81ad3a589,885f2339349da4d9,2eb62e479279f692
201,bug_133,riscv_jump_stress_test,23230,/workspace/ibex/dv/uvm/out,UVM_ERROR,UVM_ERROR,mem_model.sv,28,1433000,read to uninitialzed addr 0x8010016f,,0,0,,,,,,,,,,,39452,3,607555,8bdc154a5281595c,48bb8bd9540e5e2e,7ef49eee75dda733
202,bug_133,riscv_jump_stress_test,23231,/workspace/ibex/dv/uvm/out,UVM_ERROR,UVM_ERROR,mem_model.sv,28,3147000,read to uninitialzed addr 0x8010599b,,0,0,,,,,,,,,,,137521,3,658697,800b7c8386e34596,48bb8bd9540e5e2e,658fcc2295784290
203,bug_133,riscv_jump_stress_test,23232,/workspace/ibex/dv/uvm/out,UVM_ERROR,UVM_ERROR,mem_model.sv,28,2095000,read to uninitialzed addr 0x80100fcb,,0,0,,,,,,,,,,,242782,3,639657,2259116844d08b74,48bb8bd9540e5e2e,90a0d44425f3af87
204,bug_133,riscv_jump_stress_test,23233,/workspace/ibex/dv/uvm/out,UVM_ERROR,UVM_ERROR,mem_model.sv,28,1901000,read to uninitialzed addr 0x8010240f,,0,0,,,,,,,,,,,44165,3,804986,38e1699eb82507d6,48bb8bd9540e5e2e,006da8c328cf9f47
205,bug_133,riscv_jump_stress_test,23234,/workspace/ibex/dv/uvm/out,UVM_ERROR,UVM_ERROR,mem_model.sv,28,3373000,read to uninitialzed addr 0x80102f07,,0,0,,,,,,,,,,,150707,3,719352,8f36045f938af92c,48bb8bd9540e5e2e,e50c87fbfd845621
206,bug_133,riscv_rand_jump_test,23235,/workspace/ibex/dv/uvm/out,UVM_ERROR,UVM_ERROR,mem_model.sv,28,69437000,read to uninitialzed addr 0x801114e7,,0,0,,,,,,,,,,,101,3,3480,4bfac750a867c1fd,8a42e6059f0185c7,290b6371291380d8
207,bug_133,riscv_rand_jump_test,23236,/workspace/ibex/dv/uvm/out,UVM_ERROR,UVM_ERROR,mem_model.sv,28,19825000,read to uninitialzed addr 0x801006cb,,0,0,,,,,,,,,,,145750,3,696873,d434406e112e5311,8a42e6059f0185c7,6941906a506aecc1
208,bug_133,riscv_rand_jump_test,23237,/workspace/ibex/dv/uvm/out,UVM_ERROR,UVM_ERROR,mem_model.sv,28,60521000,read to uninitialzed addr 0x80110d5f,,0,0,,,,,,,,,,,101,3,3114,fed38204db4fcba2,8a42e6059f0185c7,4c2a64af3ca8d517
209,bug_133,riscv_rand_jump_test,23238,/workspace/ibex/dv/uvm/out,UVM_ERROR,UVM_ERROR,mem_model.sv,28,4263000,read to uninitialzed addr 0x8010042b,,0,0,,,,,,,,,,,57598,3,609494,c13c8696c82a1e94,8a42e6059f0185c7,0234164d9afac282
210,bug_133,riscv_rand_jump_test,23239,/workspace/ibex/dv/uvm/out,UVM_ERROR,UVM_ERROR,mem_model.sv,28,91929000,read to uninitialzed addr 0x80111467,,0,0,,,,,,,,,,,89,3,4773,bf048c9362746031,8a42e6059f0185c7,0be2bd38ef4f7318
211,bug_133,riscv_rand_jump_test,23240,/workspace/ibex/dv/uvm/out,UVM_ERROR,UVM_ERROR,mem_model.sv,28,7813000,read to uninitialzed addr 0x80110bcf,,0,0,,,,,,,,,,,97,3,506,ac1b34e03e86f6f8,8a42e6059f0185c7,0cc65ef754b8fafb
212,bug_133,riscv_rand_jump_test,23241,/workspace/ibex/dv/uvm/out,UVM_ERROR,UVM_ERROR,mem_model.sv,28,219301000,read to uninitialzed addr 0x801116df,,0,0,,,,,,,,,,,185,3,11027,0e88cc3e270b2d47,8a42e6059f0185c7,f3b4e02cb0c5215a
213,bug_133,riscv_rand_jump_test,23242,/workspace/ibex/dv/uvm/out,UVM_ERROR,UVM_ERROR,mem_model.sv,28,21831000,read to uninitialzed addr 0x80101607,,0,0,,,,,,,,,,,125272,3,731780,1d8768c3ba07385e,8a42e6059f0185c7,8faaa6a17b00a5d8
214,bug_133,riscv_rand_jump_test,23243,/workspace/ibex/dv/uvm/out,UVM_ERROR,UVM_ERROR,mem_model.sv,28,170565000,read to uninitialzed addr 0x801115bb,,0,0,,,,,,,,,,,93,3,8653,0f5cf6a96a3259ed,8a42e6059f0185c7,22aea4c295561297
215,bug_133,riscv_rand_jump_test,23244,/workspace/ibex/dv/uvm/out,UVM_ERROR,UVM_ERROR,mem_model.sv,28,6921000,read to uninitialzed addr 0x801116a3,,0,0,,,,,,,,,,,169,3,519,2d9e8650272aae19,8a42e6059f0185c7,5b9bf13cddcd47be
216,bug_133,riscv_rand_jump_test,23245,/workspace/ibex/dv/uvm/out,UVM_ERROR,UVM_ERROR,mem_model.sv,28,72181000,read to uninitialzed addr 0x8010b767,,0,0,,,,,,,,,,,123027,3,671618,487fb09e9b2e5efb,8a42e6059f0185c7,b462b6db04ba8d9e
217,bug_133,riscv_rand_jump_test,23246,/workspace/ibex/dv/uvm/out,UVM_ERROR,UVM_ERROR,mem_model.sv,28,39419000,read to uninitialzed addr 0x8010a5f7,,0,0,,,,,,,,,,,129386,3,643470,be0ab175a82bc3ae,8a42e6059f0185c7,de72500eae1dbf91
218,bug_133,riscv_rand_jump_test,23247,/workspace/ibex/dv/uvm/out,UVM_ERROR,UVM_ERROR,mem_model.sv,28,102223000,read to uninitialzed addr 0x8010788f,,0,0,,,,,,,,,,,142981,3,697646,e01563dfadd99f95,8a42e6059f0185c7,969ba9ea7a1128f8
219,bug_133,riscv_rand_jump_test,23248,/workspace/ibex/dv/uvm/out,UVM_ERROR,UVM_ERROR,mem_model.sv,28,36039000,read to uninitialzed addr 0x80103463,,0,0,,,,,,,,,,,1610988,1,321720,f46e279846898218,885f2339349da4d9,55a233995e250264
220,bug_133,riscv_rand_jump_test,23249,/workspace/ibex/dv/uvm/out,UVM_ERROR,UVM_ERROR,mem_model.sv,28,13237000,read to uninitialzed addr 0x8010377f,,0,0,,,,,,,,,,,138987,3,680335,fb9dcc5bc9169c45,8a42e6059f0185c7,5f0c0facd8e1c99b
221,bug_133,riscv_rand_jump_test,23250,/workspace/ibex/dv/uvm/out,UVM_ERROR,UVM_ERROR,mem_model.sv,28,16449000,read to uninitialzed addr 0x80102463,,0,0,,,,,,,,,,,145634,3,697168,d5757003f979e3bc,8a42e6059f0185c7,f6e5a5174746b87d
222,bug_134,riscv_debug_branch_jump_test,23252,/workspace/ibex/dv/uvm/out,UVM_ERROR,UVM_ERROR,mem_model.sv,28,5033000,read to uninitialzed addr 0x99e51d83,,0,0,,,,,,,,,,,236,3,3451,7b4854b7c83e7833,17c61d29fc02f6e1,4fe5fff92f6b7414
223,bug_134,riscv_debug_branch_jump_test,23254,/workspace/ibex/dv/uvm/out,UVM_ERROR,UVM_ERROR,mem_model.sv,28,7333000,read to uninitialzed addr 0x37,,0,0,,,,,,,,,,,214,3,2845,d5d5582948982ea8,17c61d29fc02f6e1,f3d9b0669ff4bc08
224,bug_134,riscv_debug_branch_jump_test,23257,/workspace/ibex/dv/uvm/out,UVM_ERROR,UVM_ERROR,mem_model.sv,28,11575000,read to uninitialzed addr 0xf5d2b307,,0,0,,,,,,,,,,,165,3,4093,282978cbf3be95b2,17c61d29fc02f6e1,7289b7977858312b
225,bug_134,riscv_debug_branch_jump_test,23258,/workspace/ibex/dv/uvm/out,UVM_ERROR,UVM_ERROR,mem_model.sv,28,6553000,read to uninitialzed addr 0x3c845f,,0,0,,,,,,,,,,,246,3,4093,e3706a2e912c4b37,17c61d29fc02f6e1,ccae8f589875da56
226,bug_134,riscv_debug_branch_jump_test,23260,/workspace/ibex/dv/uvm/out,UVM_ERROR,UVM_ERROR,mem_model.sv,28,6457000,read to uninitialzed addr 0x2e561dc3,,0,0,,,,,,,,,,,106,3,2609,fff6e51fc53f2592,17c61d29fc02f6e1,d2b88fbdd039702d
227,bug_134,riscv_debug_branch_jump_test,23263,/workspace/ibex/dv/uvm/out,UVM_ERROR,UVM_ERROR,mem_model.sv,28,2309000,read to uninitialzed addr 0xf911b454,,0,0,,,,,,,,,,,95,3,466,3dd4239479626ad9,17c61d29fc02f6e1,84b2e940011335db
228,bug_134,riscv_debug_branch_jump_test,23267,/workspace/ibex/dv/uvm/out,UVM_ERROR,UVM_ERROR,mem_model.sv,28,5739000,read to uninitialzed addr 0x5ea7,,0,0,,,,,,,,,,,523,3,5330,47667cfd9b1ea8c8,17c61d29fc02f6e1,0a75e4944453eff3
229,bug_134,riscv_debug_branch_jump_test,23268,/workspace/ibex/dv/uvm/out,UVM_ERROR,UVM_ERROR,mem_model.sv,28,6619000,read to uninitialzed addr 0xf6398e1b,,0,0,,,,,,,,,,,205,3,3201,8f4d7a48c85b77fb,17c61d29fc02f6e1,643755c9bad7645c
230,bug_134,riscv_debug_branch_jump_test,23270,/workspace/ibex/dv/uvm/out,UVM_ERROR,UVM_ERROR,mem_model.sv,28,5075000,read to uninitialzed addr 0x83e7a74f,,0,0,,,,,,,,,,,5989,3,152397,a85b2080bbaf7039,17c61d29fc02f6e1,42e45d4f017d5d9b
231,bug_134,riscv_debug_branch_jump_test,23275,/workspace/ibex/dv/uvm/out,UVM_ERROR,UVM_ERROR,mem_model.sv,28,29899000,read to uninitialzed addr 0x14e7,,0,0,,,,,,,,,,,91,3,1900,88baf2f783a0ca03,17c61d29fc02f6e1,352e217f43cb6448
232,bug_134,riscv_rand_jump_test,23277,/workspace/ibex/dv/uvm/out,UVM_ERROR,UVM_ERROR,mem_model.sv,28,4595000,read to uninitialzed addr 0xfffffd9b,,0,0,,,,,,,,,,,124206,1,624260,1284c0b99ca307ea,885f2339349da4d9,e113a7b0c1f2ae85
233,bug_134,riscv_rand_jump_test,23283,/workspace/ibex/dv/uvm/out,UVM_ERROR,UVM_ERROR,mem_model.sv,28,16339000,read to uninitialzed addr 0xffffffef,,0,0,,,,,,,,,,,40705,3,598030,d3eaf4de9e50f5aa,8a42e6059f0185c7,83af4bbe3dcda414
234,bug_134,riscv_rand_jump_test,23287,/workspace/ibex/dv/uvm/out,UVM_ERROR,UVM_ERROR,mem_model.sv,28,124603000,read to uninitialzed addr 0xfffffcee,,0,0,,,,,,,,,,,146040,3,715599,a8894d6a61cd0b40,8a42e6059f0185c7,618f8d9db5b61b59
235,bug_134,riscv_rand_jump_test,23294,/workspace/ibex/dv/uvm/out,UVM_ERROR,UVM_ERROR,mem_model.sv,28,2231000,read to uninitialzed addr 0xac1fa49e,,0,0,,,,,,,,,,,36881,3,742055,f0ff39e6221234e3,8a42e6059f0185c7,1d08c99650eeab8d
236,bug_136,riscv_debug_branch_jump_test,23303,/workspace/ibex/dv/uvm/out,UVM_ERROR,UVM_ERROR,mem_model.sv,28,6041000,read to uninitialzed addr 0xfd5b576b,,0,0,,,,,,,,,,,116,3,2402,cf3faed68b5af456,17c61d29fc02f6e1,bd078a2996ac1e2e
237,bug_136,riscv_debug_branch_jump_test,23304,/workspace/ibex/dv/uvm/out,UVM_ERROR,UVM_ERROR,mem_model.sv,28,5673000,read to uninitialzed addr 0xf5999c27,,0,0,,,,,,,,,,,352,3,5336,cc9ab0b4f7119e70,17c61d29fc02f6e1,7b97616e8ed9d171
238,bug_136,riscv_debug_branch_jump_test,23305,/workspace/ibex/dv/uvm/out,UVM_ERROR,UVM_ERROR,mem_model.sv,28,25399000,read to uninitialzed addr 0xffffff94,,0,0,,,,,,,,,,,105,3,1563,814962f1234dc603,17c61d29fc02f6e1,b6701d4e9bd9ea01
239,bug_136,riscv_debug_branch_jump_test,23308,/workspace/ibex/dv/uvm/out,UVM_ERROR,UVM_ERROR,mem_model.sv,28,31987000,read to uninitialzed addr 0xf61fffe8,,0,0,,,,,,,,,,,92,3,1848,f1d1d3f27ef1e469,17c61d29fc02f6e1,3bb4b2f5aadaef65
240,bug_136,riscv_debug_branch_jump_test,23310,/workspace/ibex/dv/uvm/out,UVM_ERROR,UVM_ERROR,mem_model.sv,28,6449000,read to uninitialzed addr 0xf4ec0147,,0,0,,,,,,,,,,,129,3,2709,8411d4a1f3a8fd77,17c61d29fc02f6e1,da75e7156349fe3f
241,bug_136,riscv_debug_branch_jump_test,23314,/workspace/ibex/dv/uvm/out,UVM_ERROR,UVM_ERROR,mem_model.sv,28,6397000,read to uninitialzed addr 0xc759e49f,,0,0,,,,,,,,,,,96,3,2401,acdc8f856f5507e9,17c61d29fc02f6e1,7720e99fab87200f
242,bug_136,riscv_debug_branch_jump_test,23315,/workspace/ibex/dv/uvm/out,UVM_FATAL,UVM_FATAL,core_ibex_test_lib.sv,345,12625000,Check failed dut_vif.priv_mode == mode (0 [0x0] vs 3 [0x3]) Incorrect privilege mode,,0,0,,,,,,,,,,,71,3,576,78e8c870bd53f15b,17c61d29fc02f6e1,032d1611fb0b255e
243,bug_136,riscv_debug_branch_jump_test,23320,/workspace/ibex/dv/uvm/out,UVM_ERROR,UVM_ERROR,mem_model.sv,28,5019000,read to uninitialzed addr 0x543c0177,,0,0,,,,,,,,,,,188,3,3265,4c9f46f8e9545650,17c61d29fc02f6e1,b1ed016d4c27e302
244,bug_136,riscv_debug_branch_jump_test,23325,/workspace/ibex/dv/uvm/out,UVM_ERROR,UVM_ERROR,mem_model.sv,28,7535000,read to uninitialzed addr 0xde83,,0,0,,,,,,,,,,,176,3,3122,d71923f2676a6166,17c61d29fc02f6e1,934e4852ad3e6e27
245,bug_136,riscv_rand_jump_test,23326,/workspace/ibex/dv/uvm/out,REGR_MISMATCH,,,,,,pc_same,1,0,7024,7024,8001158c,8001158c,c.jalr,c.jalr,c.jalr|c.jalr,15899,21,8001,70,6,22638,c18f110073a226be,dd3e2c9f6ac86038,f8d19ea52f38752a
246,bug_136,riscv_rand_jump_test,23327,/workspace/ibex/dv/uvm/out,REGR_MISMATCH,,,,,,pc_same,1,0,112,112,80000d38,80000d38,c.jalr,c.jalr,c.jalr|c.jalr,3611,8,8000,70,6,5196,ff6a98a058b3a0f7,9397664ca53f68ae,8e6ed062ceb6e2ae
247,bug_136,riscv_rand_jump_test,23328,/workspace/ibex/dv/uvm/out,REGR_MISMATCH,,,,,,pc_same,1,0,4142,4142,8000e208,8000e208,c.jalr,c.jalr,c.jalr|c.jalr,7132,8,8000,70,6,11576,8cea1c3d65d7a8a0,72e5c83f9fe78253,e59ed5a40966c3cd
248,bug_136,riscv_rand_jump_test,23329,/workspace/ibex/dv/uvm/out,REGR_MISMATCH,,,,,,pc_same,1,0,7717,7717,8000cb88,8000cb88,c.jalr,c.jalr,c.jalr|c.jalr,9210,3,8000,70,6,14565,9a80bb9af52677fb,6fbc7387c0a5f8be,0e2a6c06c6fb18c6
249,bug_136,riscv_rand_jump_test,23330,/workspace/ibex/dv/uvm/out,REGR_MISMATCH,,,,,,pc_same,1,0,3017,3017,8000ff7a,8000ff7a,c.jalr,c.jalr,c.jalr|c.jalr,25576,20,8000,70,6,38132,199ad25c0cd34839,8eb855b5a8953dc6,88db98ed47b410d4
250,bug_136,riscv_rand_jump_test,23332,/workspace/ibex/dv/uvm/out,REGR_MISMATCH,,,,,,pc_same,1,0,7183,7183,8000bee4,8000bee4,c.jalr,c.jalr,c.jalr|c.jalr,7035,3,8000,70,6,10578,74eeee19cf49a555,4b035d70d85734c1,7000fad2e49de12a
251,bug_136,riscv_rand_jump_test,23333,/workspace/ibex/dv/uvm/out,REGR_MISMATCH,,,,,,pc_same,1,0,1564,1564,800018ac,800018ac,c.jalr,c.jalr,c.jalr|c.jalr,4312,10,8000,70,6,6419,82e532c76597a4b1,d5075b0655a5064c,df47320fd103b614
252,bug_136,riscv_rand_jump_test,23334,/workspace/ibex/dv/uvm/out,REGR_MISMATCH,,,,,,pc_same,1,0,8099,8099,80002402,80002402,c.jalr,c.jalr,c.jalr|c.jalr,19309,6,8000,70,6,29256,1ba6de22f4b43f50,50d4695ce7bffa0d,e35cbfd9cdc63460
253,bug_136,riscv_rand_jump_test,23336,/workspace/ibex/dv/uvm/out,REGR_MISMATCH,,,,,,pc_same,1,0,9700,9700,8000bff0,8000bff0,c.jalr,c.jalr,c.jalr|c.jalr,12011,6,8000,70,6,17447,932de89f92efc935,6ff7489091dc7a69,b4f8f6f3e732da1f
254,bug_136,riscv_rand_jump_test,23338,/workspace/ibex/dv/uvm/out,REGR_MISMATCH,,,,,,pc_same,1,0,1335,1335,8000fecc,8000fecc,c.jalr,c.jalr,c.jalr|c.jalr,9278,38,8000,70,6,16487,b4adc4d8e4a1199e,82062a96f1e10cc0,98fe560514321070
255,bug_136,riscv_rand_jump_test,23340,/workspace/ibex/dv/uvm/out,REGR_MISMATCH,,,,,,pc_same,1,0,2791,2791,8000e5c4,8000e5c4,c.jalr,c.jalr,c.jalr|c.jalr,5971,8,8000,70,6,9041,9fa767face5153e4,45b0f2758e191359,391cbe339e6f99b0
256,bug_136,riscv_rand_jump_test,23342,/workspace/ibex/dv/uvm/out,REGR_MISMATCH,,,,,,pc_same,1,0,4006,4006,80011332,80011332,c.jalr,c.jalr,c.jalr|c.jalr,9715,4,8001,70,6,13711,b558f63dcbcfd90b,64ae7273f059bd63,587356e8e0ae3efa
257,bug_136,riscv_rand_jump_test,23343,/workspace/ibex/dv/uvm/out,REGR_MISMATCH,,,,,,pc_same,1,0,520,520,800084dc,800084dc,c.jalr,c.jalr,c.jalr|c.jalr,1667,2,8000,70,6,2615,13a8a448d01bbff2,15d98d3ed34b02b2,0101e6d0b43a692f
258,bug_136,riscv_rand_jump_test,23344,/workspace/ibex/dv/uvm/out,REGR_MISMATCH,,,,,,pc_same,1,0,7597,7597,80000548,80000548,c.jalr,c.jalr,c.jalr|c.jalr,25885,42,8000,70,6,43626,2398bd4dd48fe6d2,4fd383a33bc25221,ce0368e532f7cf0e
259,bug_136,riscv_rand_jump_test,23345,/workspace/ibex/dv/uvm/out,REGR_MISMATCH,,,,,,pc_same,1,0,4072,4072,80001e3c,80001e3c,c.jalr,c.jalr,c.jalr|c.jalr,4354,91600,8000,70,6,133521,239805f12a427e82,2845274adfd7d303,479948feb4193ac7
260,bug_136,riscv_rand_jump_test,23346,/workspace/ibex/dv/uvm/out,REGR_MISMATCH,,,,,,pc_same,1,0,838,838,8000af68,8000af68,c.jalr,c.jalr,c.jalr|c.jalr,16863,17,8000,70,6,27080,d811a56382738168,fba77fd93e3ebb92,af720116fc9b6cc4
261,bug_140,riscv_debug_branch_jump_test,23352,/workspace/ibex/dv/uvm/out,UVM_ERROR,UVM_ERROR,mem_model.sv,28,2597000,read to uninitialzed addr 0xbd148913,,0,0,,,,,,,,,,,131,3,889,32eb2286d64706ac,17c61d29fc02f6e1,41a56bb54efcf339
262,bug_140,riscv_debug_branch_jump_test,23354,/workspace/ibex/dv/uvm/out,UVM_ERROR,UVM_ERROR,mem_model.sv,28,7551000,read to uninitialzed addr 0x7fffff9d,,0,0,,,,,,,,,,,4553,3,68356,a747f19ffc60c0a1,17c61d29fc02f6e1,df0cff90b05346d4
263,bug_140,riscv_debug_branch_jump_test,23355,/workspace/ibex/dv/uvm/out,UVM_ERROR,UVM_ERROR,mem_model.sv,28,7413000,read to uninitialzed addr 0x207,,0,0,,,,,,,,,,,131,3,709,e3ddcd7545132148,17c61d29fc02f6e1,dc8af6c8f0c104b4
264,bug_140,riscv_debug_branch_jump_test,23357,/workspace/ibex/dv/uvm/out,UVM_ERROR,UVM_ERROR,mem_model.sv,28,7957000,read to uninitialzed addr 0x1e522ff3,,0,0,,,,,,,,,,,93,3,2340,b8ec53c75196471e,17c61d29fc02f6e1,46300455d06b62fd
265,bug_140,riscv_debug_branch_jump_test,23361,/workspace/ibex/dv/uvm/out,UVM_ERROR,UVM_ERROR,mem_model.sv,28,6639000,read to uninitialzed addr 0xff38e747,,0,0,,,,,,,,,,,233,3,2621,9072b2ef427cd89c,17c61d29fc02f6e1,bc02adc7bc8871e2
266,bug_140,riscv_debug_branch_jump_test,23366,/workspace/ibex/dv/uvm/out,UVM_ERROR,UVM_ERROR,mem_model.sv,28,18175000,read to uninitialzed addr 0x7b,,0,0,,,,,,,,,,,154,3,4008,98738ac7bd51d4e7,17c61d29fc02f6e1,fe53ca6b44f6d3b5
267,bug_140,riscv_debug_branch_jump_test,23367,/workspace/ibex/dv/uvm/out,UVM_ERROR,UVM_ERROR,mem_model.sv,28,9461000,read to uninitialzed addr 0x400000c7,,0,0,,,,,,,,,,,349,3,4572,8cbd28d7be7a8d6b,17c61d29fc02f6e1,1a17a1e97e2152ce
268,bug_140,riscv_debug_branch_jump_test,23371,/workspace/ibex/dv/uvm/out,UVM_ERROR,UVM_ERROR,mem_model.sv,28,7261000,read to uninitialzed addr 0xfffffa9b,,0,0,,,,,,,,,,,227905,3,672667,cbd63df89e19bb82,17c61d29fc02f6e1,47958670db7ab778
269,bug_140,riscv_debug_branch_jump_test,23373,/workspace/ibex/dv/uvm/out,UVM_ERROR,UVM_ERROR,mem_model.sv,28,5191000,read to uninitialzed addr 0x239e0c7,,0,0,,,,,,,,,,,92,3,2220,f83bc26d508301c5,17c61d29fc02f6e1,30a591663dfe870a
270,bug_140,riscv_debug_branch_jump_test,23374,/workspace/ibex/dv/uvm/out,UVM_ERROR,UVM_ERROR,mem_model.sv,28,7405000,read to uninitialzed addr 0x5e0941b3,,0,0,,,,,,,,,,,123,3,1617,e7afcaf809752fc9,17c61d29fc02f6e1,4886261df769c97f
271,bug_140,riscv_rand_jump_test,23376,/workspace/ibex/dv/uvm/out,UVM_ERROR,UVM_ERROR,mem_model.sv,28,1829000,read to uninitialzed addr 0x1f,,0,0,,,,,,,,,,,48597,3,622330,2313e856ddbb50ef,8a42e6059f0185c7,b095eee37a8270bc
272,bug_140,riscv_rand_jump_test,23377,/workspace/ibex/dv/uvm/out,UVM_ERROR,UVM_ERROR,mem_model.sv,28,28977000,read to uninitialzed addr 0x1b,,0,0,,,,,,,,,,,132806,3,680450,9edcce754c41c2e0,8a42e6059f0185c7,8a35f33a992f8530
273,bug_140,riscv_rand_jump_test,23378,/workspace/ibex/dv/uvm/out,REGR_MISMATCH,,,,,,pc_diff,1,0,72,72,8000ded4,8000dee4,c.addi,sltiu,c.addi|sltiu,62,10968,8000,70,6,638,6efa7de5ac3ca1ff,dd8561e5a949f5a1,5f67a01f18b8066d
274,bug_140,riscv_rand_jump_test,23379,/workspace/ibex/dv/uvm/out,UVM_ERROR,UVM_ERROR,mem_model.sv,28,2373000,read to uninitialzed addr 0x15,,0,0,,,,,,,,,,,94,3,507,43a694fcc0225801,8a42e6059f0185c7,4884e734712c750c
275,bug_140,riscv_rand_jump_test,23382,/workspace/ibex/dv/uvm/out,REGR_MISMATCH,,,,,,pc_diff,1,0,267,267,8000e9e8,8000e9f6,and,srai,and|srai,217,2872,8000,70,6,554,88c7b600da478c67,5234d86d01a746eb,a4a422fe046896bf
276,bug_140,riscv_rand_jump_test,23383,/workspace/ibex/dv/uvm/out,UVM_ERROR,UVM_ERROR,mem_model.sv,28,57125000,read to uninitialzed addr 0x232,,0,0,,,,,,,,,,,120191,3,651989,f450bf879dfd4089,8a42e6059f0185c7,e285168e0c727cf6
277,bug_140,riscv_rand_jump_test,23385,/workspace/ibex/dv/uvm/out,UVM_ERROR,UVM_ERROR,mem_model.sv,28,60665000,read to uninitialzed addr 0xfffffce7,,0,0,,,,,,,,,,,109759,3,637170,40e62c0910b86ba3,8a42e6059f0185c7,01a5f3ac11b3f66e
278,bug_140,riscv_rand_jump_test,23386,/workspace/ibex/dv/uvm/out,UVM_ERROR,UVM_ERROR,mem_model.sv,28,2061000,read to uninitialzed addr 0xfffffcb3,,0,0,,,,,,,,,,,104326,3,493346,1a2f48e3c40be96c,8a42e6059f0185c7,3ada48fedf3abf28
279,bug_140,riscv_rand_jump_test,23387,/workspace/ibex/dv/uvm/out,UVM_ERROR,UVM_ERROR,mem_model.sv,28,58791000,read to uninitialzed addr 0x1e733792,,0,0,,,,,,,,,,,51618,3,618845,e5f4b9c88d0caf17,8a42e6059f0185c7,52f5e8e9f9744465
280,bug_140,riscv_rand_jump_test,23391,/workspace/ibex/dv/uvm/out,REGR_MISMATCH,,,,,,pc_diff,1,0,474,474,800101a8,800101b4,addi,c.li,addi|c.li,425,18635,8001,71,6,1008,c883d0ccc8f543b9,2a4e384b7aa8f2cd,453c6fd6f1b119bc
281,bug_140,riscv_rand_jump_test,23392,/workspace/ibex/dv/uvm/out,REGR_MISMATCH,,,,,,pc_diff,1,0,72,72,8000755a,8000756a,c.addi,sub,c.addi|sub,67,38602,8000,70,6,1256,0198c085d95d3f98,2be1f586f219d539,d6c51cb62ee8c563
282,bug_140,riscv_rand_jump_test,23393,/workspace/ibex/dv/uvm/out,REGR_MISMATCH,,,,,,pc_diff,1,0,136,136,80003270,8000327e,csrrc,add,csrrc|add,129,56280,8000,70,6,440,43ad69d063e42fe9,b145568f434bd99a,947a962d1d37f475
283,bug_140,riscv_rand_jump_test,23394,/workspace/ibex/dv/uvm/out,UVM_ERROR,UVM_ERROR,mem_model.sv,28,160157000,read to uninitialzed addr 0x17,,0,0,,,,,,,,,,,77698,3,624191,a364e73b9f05a22c,8a42e6059f0185c7,3b62b09514811201
284,bug_140,riscv_rand_jump_test,23395,/workspace/ibex/dv/uvm/out,UVM_ERROR,UVM_ERROR,mem_model.sv,28,1439000,read to uninitialzed addr 0xf8f6ac9b,,0,0,,,,,,,,,,,146048,3,703774,3969dd11efa6d10a,8a42e6059f0185c7,7ca260f42ee7effc
285,bug_140,riscv_rand_jump_test,23398,/workspace/ibex/dv/uvm/out,UVM_ERROR,UVM_ERROR,mem_model.sv,28,8771000,read to uninitialzed addr 0x1b,,0,0,,,,,,,,,,,686586,1,495050,f976cddc1da9b34d,885f2339349da4d9,737d6313f831c9c1
286,bug_141,riscv_debug_branch_jump_test,23403,/workspace/ibex/dv/uvm/out,UVM_ERROR,UVM_ERROR,mem_model.sv,28,6297000,read to uninitialzed addr 0x783b,,0,0,,,,,,,,,,,1692,3,200476,e41b2c8e9ad36f32,17c61d29fc02f6e1,d03b21d841772fd3
287,bug_141,riscv_debug_branch_jump_test,23406,/workspace/ibex/dv/uvm/out,UVM_ERROR,UVM_ERROR,mem_model.sv,28,5711000,read to uninitialzed addr 0xf77fb817,,0,0,,,,,,,,,,,6356,3,77679,c530415483a8c431,17c61d29fc02f6e1,1397dfca2cb7920b
288,bug_141,riscv_debug_branch_jump_test,23417,/workspace/ibex/dv/uvm/out,UVM_ERROR,UVM_ERROR,mem_model.sv,28,7029000,read to uninitialzed addr 0xf218506b,,0,0,,,,,,,,,,,2102,3,56673,0cb70c492956bfeb,17c61d29fc02f6e1,11c0214b2930d4b0
289,bug_141,riscv_jump_stress_test,23418,/workspace/ibex/dv/uvm/out,REGR_MISMATCH,,,,,,pc_same,1,0,60,60,80000168,80000168,jal,jal,jal|jal,54,513,8000,70,6,2649,4363058cac434cdd,a60da8949cf5d713,db913f8708ef87ee
290,bug_141,riscv_jump_stress_test,23419,/workspace/ibex/dv/uvm/out,REGR_MISMATCH,,,,,,pc_same,1,0,56,56,80000158,80000158,jal,jal,jal|jal,53,2164,8000,70,6,3384,ed7af1b52e2d1ce2,c1ffb5fc749a3bb3,72c31e9cea87b5f4
291,bug_141,riscv_jump_stress_test,23420,/workspace/ibex/dv/uvm/out,REGR_MISMATCH,,,,,,pc_same,1,0,106,106,8000274e,8000274e,jal,jal,jal|jal,82,2694,8000,70,6,4168,7895edb5bf5f0507,e679eb5979245b12,f99000e39b466399
292,bug_141,riscv_jump_stress_test,23421,/workspace/ibex/dv/uvm/out,REGR_MISMATCH,,,,,,pc_same,1,0,57,57,80000150,80000150,jal,jal,jal|jal,52,1286,8000,70,6,2105,85a66de235278f39,83e9aa47b1b7e0f6,1e2c3517dbd8ea07
293,bug_141,riscv_jump_stress_test,23422,/workspace/ibex/dv/uvm/out,UVM_ERROR,UVM_ERROR,mem_model.sv,28,94825000,read to uninitialzed addr 0x4ca0e007,,0,0,,,,,,,,,,,138399,3,701170,244e90979b90d416,48bb8bd9540e5e2e,9031cbb7804ec0f3
294,bug_141,riscv_jump_stress_test,23423,/workspace/ibex/dv/uvm/out,REGR_MISMATCH,,,,,,pc_same,1,0,75,75,80002026,80002026,jal,jal,jal|jal,71,3756,8000,70,6,5684,24fc1762be64e2f7,d3b67921902c1b88,2a8145c4f5c3420e
295,bug_141,riscv_jump_stress_test,23424,/workspace/ibex/dv/uvm/out,REGR_MISMATCH,,,,,,pc_same,1,0,75,75,80003042,80003042,jal,jal,jal|jal,75,4620,8000,70,6,6831,3e5d751977a43fc6,2c68f4952fbdcadc,e8bc1de16e2f0b59
296,bug_141,riscv_jump_stress_test,23426,/workspace/ibex/dv/uvm/out,REGR_MISMATCH,,,,,,pc_same,1,0,57,57,8000015a,8000015a,jal,jal,jal|jal,50,180,8000,70,6,543,183cfaf5be1b56a9,c0999d7699ff6f2e,84599b7507ea3e94
297,bug_141,riscv_jump_stress_test,23428,/workspace/ibex/dv/uvm/out,REGR_MISMATCH,,,,,,pc_same,1,0,57,57,8000015a,8000015a,jal,jal,jal|jal,53,19,8000,70,6,296,d097401f0e482ae4,c5609a1bd936620a,e40c3aa7aed6366b
298,bug_141,riscv_jump_stress_test,23430,/workspace/ibex/dv/uvm/out,REGR_MISMATCH,,,,,,pc_same,1,0,62,62,80000172,80000172,jal,jal,jal|jal,85,9,8000,70,6,346,c8d4111ce48112a2,5c1b8c943e68bfc3,9479939608a064b2
299,bug_141,riscv_jump_stress_test,23431,/workspace/ibex/dv/uvm/out,REGR_MISMATCH,,,,,,pc_same,1,0,59,59,8000015e,8000015e,jal,jal,jal|jal,52,239,8000,70,6,616,ba31ab44579eed52,04a6c2da371e060e,1b58010636486253
300,bug_141,riscv_jump_stress_test,23433,/workspace/ibex/dv/uvm/out,UVM_ERROR,UVM_ERROR,mem_model.sv,28,92175000,read to uninitialzed addr 0x98e187,,0,0,,,,,,,,,,,42916,3,805403,c45c0a27ca668e1a,48bb8bd9540e5e2e,26670393ff2ef6a7
301,bug_141,riscv_jump_stress_test,23434,/workspace/ibex/dv/uvm/out,REGR_MISMATCH,,,,,,pc_same,1,0,70,70,800020d6,800020d6,jal,jal,jal|jal,62,3747,8000,70,6,5734,77e284d7010e5a18,531620d13032785c,3fbf63ac45fe9c03
302,bug_141,riscv_rand_jump_test,23439,/workspace/ibex/dv/uvm/out,UVM_ERROR,UVM_ERROR,mem_model.sv,28,160463000,read to uninitialzed addr 0x14007,,0,0,,,,,,,,,,,31186,3,156938,31458350a4fb7ea7,8a42e6059f0185c7,3d9ee14a4c9927f7
303,bug_141,riscv_rand_jump_test,23441,/workspace/ibex/dv/uvm/out,UVM_ERROR,UVM_ERROR,mem_model.sv,28,10267000,read to uninitialzed addr 0x80027e83,,0,0,,,,,,,,,,,101696,3,695806,f245057095a0dcc7,8a42e6059f0185c7,d5e4317d9d290b9b
304,bug_141,riscv_rand_jump_test,23443,/workspace/ibex/dv/uvm/out,REGR_MISMATCH,,,,,,pc_same,1,0,80,80,80009562,80009562,jal,jal,jal|jal,1012,3270,8000,71,6,1809,8d1542f9942d45c7,bb1986d572b7c843,5efe0f438dc79bbc
305,bug_141,riscv_rand_jump_test,23445,/workspace/ibex/dv/uvm/out,UVM_ERROR,UVM_ERROR,mem_model.sv,28,23813000,read to uninitialzed addr 0x13,,0,0,,,,,,,,,,,109509,3,635806,d6471a578c0b1a15,8a42e6059f0185c7,105795c0de1db231
306,bug_142,riscv_debug_branch_jump_test,23454,/workspace/ibex/dv/uvm/out,UVM_ERROR,UVM_ERROR,mem_model.sv,28,7401000,read to uninitialzed addr 0xa,,0,0,,,,,,,,,,,252,3,5840,98b1e548d125563a,17c61d29fc02f6e1,e4461146d19f5f4d
307,bug_142,riscv_debug_branch_jump_test,23455,/workspace/ibex/dv/uvm/out,UVM_ERROR,UVM_ERROR,mem_model.sv,28,10721000,read to uninitialzed addr 0x1d003,,0,0,,,,,,,,,,,2293,3,23883,94af2e68c57a8735,17c61d29fc02f6e1,4fc69323cec148c7
308,bug_142,riscv_debug_branch_jump_test,23459,/workspace/ibex/dv/uvm/out,UVM_ERROR,UVM_ERROR,mem_model.sv,28,5967000,read to uninitialzed addr 0x9deccb83,,0,0,,,,,,,,,,,105,3,2120,6ab1a9d5f5a07975,17c61d29fc02f6e1,730ef168325d96bf
309,bug_142,riscv_debug_branch_jump_test,23460,/workspace/ibex/dv/uvm/out,UVM_ERROR,UVM_ERROR,mem_model.sv,28,7189000,read to uninitialzed addr 0xf227221f,,0,0,,,,,,,,,,,409,3,3874,4f633514bef04fb3,17c61d29fc02f6e1,d3f6b7c6af049c42
310,bug_142,riscv_debug_branch_jump_test,23464,/workspace/ibex/dv/uvm/out,UVM_ERROR,UVM_ERROR,mem_model.sv,28,13263000,read to uninitialzed addr 0xf69ed25f,,0,0,,,,,,,,,,,5934,3,961347,5336dbd7cb713fa7,17c61d29fc02f6e1,63abab3fb730b1fe
311,bug_142,riscv_debug_branch_jump_test,23466,/workspace/ibex/dv/uvm/out,UVM_ERROR,UVM_ERROR,mem_model.sv,28,10701000,read to uninitialzed addr 0x2e3,,0,0,,,,,,,,,,,307,3,5080,e994d69d6a528b1a,17c61d29fc02f6e1,98ef78c2e0b73eeb
312,bug_142,riscv_debug_branch_jump_test,23467,/workspace/ibex/dv/uvm/out,UVM_ERROR,UVM_ERROR,mem_model.sv,28,6429000,read to uninitialzed addr 0xfbf1ede7,,0,0,,,,,,,,,,,171,3,3690,180260b4c986b732,17c61d29fc02f6e1,ef1e03843c5a863d
313,bug_142,riscv_debug_branch_jump_test,23468,/workspace/ibex/dv/uvm/out,UVM_ERROR,UVM_ERROR,mem_model.sv,28,6349000,read to uninitialzed addr 0xf3532b9f,,0,0,,,,,,,,,,,123,3,2829,920507bc3566c935,17c61d29fc02f6e1,94c1750d565ab93d
314,bug_142,riscv_debug_branch_jump_test,23472,/workspace/ibex/dv/uvm/out,UVM_ERROR,UVM_ERROR,mem_model.sv,28,7983000,read to uninitialzed addr 0x5f,,0,0,,,,,,,,,,,596,3,2214,9db3dc7e43f94e5b,17c61d29fc02f6e1,6d9754cea8e1629a
315,bug_142,riscv_debug_branch_jump_test,23475,/workspace/ibex/dv/uvm/out,UVM_ERROR,UVM_ERROR,mem_model.sv,28,8079000,read to uninitialzed addr 0x146aff2f,,0,0,,,,,,,,,,,12162,3,969963,40ec78aadbf4cb5e,17c61d29fc02f6e1,ec0373d0c238d7d3
316,bug_142,riscv_rand_jump_test,23476,/workspace/ibex/dv/uvm/out,UVM_ERROR,UVM_ERROR,mem_model.sv,28,91199000,read to uninitialzed addr 0x8117009d,,0,0,,,,,,,,,,,525,3,977081,92c9a88094732126,8a42e6059f0185c7,97b2af01f9069c70
317,bug_142,riscv_rand_jump_test,23478,/workspace/ibex/dv/uvm/out,UVM_ERROR,UVM_ERROR,mem_model.sv,28,28437000,read to uninitialzed addr 0xffffffd7,,0,0,,,,,,,,,,,80,3,2516,99ebf3b8ab5c2143,8a42e6059f0185c7,c1f5eec6b174df56
318,bug_142,riscv_rand_jump_test,23483,/workspace/ibex/dv/uvm/out,UVM_ERROR,UVM_ERROR,mem_model.sv,28,2507000,read to uninitialzed addr 0x281824e,,0,0,,,,,,,,,,,136707,3,672915,599bacb5067044d9,8a42e6059f0185c7,bdda5225ffb85ec2
319,bug_142,riscv_rand_jump_test,23484,/workspace/ibex/dv/uvm/out,REGR_MISMATCH,,,,,,pc_same,1,0,65,65,80000176,80000176,jalr,jalr,jalr|jalr,102,14168,8000,70,6,384,684f6dee1a799606,c498c5e009682853,f4cf159dcd0664c9
320,bug_142,riscv_rand_jump_test,23486,/workspace/ibex/dv/uvm/out,UVM_ERROR,UVM_ERROR,mem_model.sv,28,9921000,read to uninitialzed addr 0x7fffff3f,,0,0,,,,,,,,,,,1153,3,6032,fed91eda68feb672,8a42e6059f0185c7,7e0174846d724aee
321,bug_142,riscv_rand_jump_test,23491,/workspace/ibex/dv/uvm/out,UVM_ERROR,UVM_ERROR,mem_model.sv,28,93045000,read to uninitialzed addr 0x7ff3fd77,,0,0,,,,,,,,,,,130149,1,662417,09f7a1d547134e55,885f2339349da4d9,41d39deb9a3cd65b
322,bug_142,riscv_rand_jump_test,23498,/workspace/ibex/dv/uvm/out,UVM_ERROR,UVM_ERROR,mem_model.sv,28,200565000,read to uninitialzed addr 0xffffffdb,,0,0,,,,,,,,,,,5864,3,965895,ee1e01b80dd2db1d,8a42e6059f0185c7,48b2551cc6400e09
323,bug_142,riscv_rand_jump_test,23500,/workspace/ibex/dv/uvm/out,UVM_ERROR,UVM_ERROR,mem_model.sv,28,15561000,read to uninitialzed addr 0xfffffd57,,0,0,,,,,,,,,,,71056,1,695349,91997b42c3a14e11,885f2339349da4d9,d7cf6e10df5d7085
324,bug_143,riscv_rand_instr_test,23501,/workspace/ibex/dv/uvm/out,REGR_MISMATCH,,,,,,pc_diff,1,0,155,155,80000362,80000378,or,slti,or|slti,141,3422,8000,70,6,6357,dc7006f8963a1e5d,7ff77db359a7c589,87ee13771cdf1896
325,bug_143,riscv_rand_instr_test,23502,/workspace/ibex/dv/uvm/out,REGR_MISMATCH,,,,,,pc_diff,1,0,69,69,8000019a,8000018a,ori,mulhsu,ori|mulhsu,60,298,8000,70,6,759,7186039ea8511c0c,127f6922b59e13ee,63f39c8fb80a52e0
326,bug_143,riscv_rand_instr_test,23504,/workspace/ibex/dv/uvm/out,REGR_MISMATCH,,,,,,pc_diff,1,0,158,158,80004f28,80004f38,xori,rem,xori|rem,163,5631,8000,70,6,9599,81cbfc50d9c220e4,e09b5733e5736e04,9bf647147db4fb45
327,bug_143,riscv_rand_instr_test,23505,/workspace/ibex/dv/uvm/out,REGR_MISMATCH,,,,,,pc_diff,1,0,143,143,800041c6,800041da,divu,xor,divu|xor,158,1979,8000,70,6,3290,28bc745ad2e928e2,632f7b67ac442de4,9e8653eb78320a3e
328,bug_143,riscv_rand_instr_test,23506,/workspace/ibex/dv/uvm/out,REGR_MISMATCH,,,,,,pc_diff,1,0,62,62,800001ac,80000174,addi,c.mv,addi|c.mv,61,7896,8000,70,6,7767,9ef74520960284d0,119308cdf366b25a,c42c8153276e4218
329,bug_143,riscv_rand_instr_test,23507,/workspace/ibex/dv/uvm/out,REGR_MISMATCH,,,,,,pc_diff,1,0,395,395,800068b8,800068f6,sra,csrrw,sra|csrrw,371,13067,8000,70,6,20468,fbea9eb48720159b,68e814247ff60a21,af0e817a641cf1cb
330,bug_143,riscv_rand_instr_test,23508,/workspace/ibex/dv/uvm/out,REGR_MISMATCH,,,,,,pc_diff,1,0,191,191,800019d8,80001a02,sltiu,lui,sltiu|lui,177,703,8000,70,6,6399,97b9b88150b02016,dd80e61453238c5c,a884786b1bba2a66
331,bug_143,riscv_rand_instr_test,23509,/workspace/ibex/dv/uvm/out,REGR_MISMATCH,,,,,,pc_diff,1,0,251,251,800060f6,800060fa,sltu,srai,sltu|srai,304,12645,8000,70,6,19522,51737ae4f75ddde2,f4fc100693b6d26b,6ccd5c236f5c9af5
332,bug_143,riscv_rand_instr_test,23510,/workspace/ibex/dv/uvm/out,REGR_MISMATCH,,,,,,pc_diff,1,0,302,302,80000368,8000036c,divu,sra,divu|sra,400,2644,8000,70,6,4757,794d1ad191b73fc4,ece19cc648726a96,6667de555828acab
333,bug_143,riscv_rand_instr_test,23512,/workspace/ibex/dv/uvm/out,REGR_MISMATCH,,,,,,pc_diff,1,0,62,62,80000192,800001ae,mulh,csrrsi,mulh|csrrsi,71,3264,8000,70,6,5207,2c4d56c64495a996,8ef0457b784a08bf,7cc6378ecb16312d
334,bug_143,riscv_rand_instr_test,23513,/workspace/ibex/dv/uvm/out,REGR_MISMATCH,,,,,,pc_diff,1,0,64,64,800001a8,80000196,c.addi16sp,xor,c.addi16sp|xor,57,2090,8000,70,6,7407,9f1fe4990741a726,0ebffb471e816218,35438f25eab10329
335,bug_143,riscv_rand_instr_test,23514,/workspace/ibex/dv/uvm/out,REGR_MISMATCH,,,,,,pc_diff,1,0,250,250,80000740,80000716,srai,slt,srai|slt,247,1638,8000,70,6,5672,8a6afbf7c6d5a304,6cc3bd653885c124,cc9fd31e85682e05
336,bug_143,riscv_rand_instr_test,23515,/workspace/ibex/dv/uvm/out,REGR_MISMATCH,,,,,,pc_diff,1,0,93,93,8000028a,800002a4,div,srli,div|srli,87,3876,8000,70,6,6013,9f7481cef2a06ff5,1ef9c2d08abd55a1,1195c2630254e9e1
337,bug_143,riscv_rand_instr_test,23516,/workspace/ibex/dv/uvm/out,REGR_MISMATCH,,,,,,pc_diff,1,0,103,103,8000027c,8000028c,slti,mulh,slti|mulh,138,4105,8000,70,6,6552,636d0c823e6ada2b,22e6990b3d8260ec,691acceaaf3424d5
338,bug_143,riscv_rand_instr_test,23517,/workspace/ibex/dv/uvm/out,REGR_MISMATCH,,,,,,pc_diff,1,0,204,204,8000041a,800003fc,xori,remu,xori|remu,175,3968,8000,70,6,6116,ecb0b58021b8032b,7b8c5608cdf7906d,6e58c033165a7423
339,bug_143,riscv_rand_instr_test,23518,/workspace/ibex/dv/uvm/out,REGR_MISMATCH,,,,,,pc_diff,1,0,62,62,8000019a,80000160,csrrs,c.addi4spn,csrrs|c.addi4spn,60,4428,8000,70,6,12235,4b386e617e55c067,8296bbc93f027b94,8f87f7c01675de46
340,bug_143,riscv_rand_instr_test,23520,/workspace/ibex/dv/uvm/out,REGR_MISMATCH,,,,,,pc_diff,1,0,137,137,80000352,80000376,add,or,add|or,129,3134,8000,70,6,6987,af3a533274484f70,9857fb7f2ef7392c,316700627835df26
341,bug_143,riscv_rand_instr_test,23522,/workspace/ibex/dv/uvm/out,REGR_MISMATCH,,,,,,pc_diff,1,0,179,179,80001e0e,80001e4c,mulhsu,c.lui,mulhsu|c.lui,160,297,8000,70,6,836,5f001c3ffb88a275,0bf764f917d8c7a7,fc140800b26c690f
342,bug_143,riscv_rand_instr_test,23523,/workspace/ibex/dv/uvm/out,REGR_MISMATCH,,,,,,pc_diff,1,0,112,112,80000332,8000033e,auipc,mul,auipc|mul,104,2714,8000,70,6,11050,4ad4a89b27351fce,4d95f975d60f827d,f901e8c98f7f75f4
343,bug_143,riscv_rand_instr_test,23524,/workspace/ibex/dv/uvm/out,REGR_MISMATCH,,,,,,pc_diff,1,0,62,62,800001ae,800001b0,c.srli,sltiu,c.srli|sltiu,109,7062,8000,70,6,10915,53efa94ba78d32b6,360232c06ab55019,152855f240b6aaac
344,bug_143,riscv_rand_instr_test,23525,/workspace/ibex/dv/uvm/out,REGR_MISMATCH,,,,,,pc_diff,1,0,238,238,80002edc,80002eca,ori,div,ori|div,222,2730,8000,70,6,4426,d4b8487b4673326c,c1133a5a209abaf8,d5191ae5e2f9a5e9
345,bug_143,riscv_rand_jump_test,23526,/workspace/ibex/dv/uvm/out,REGR_MISMATCH,,,,,,pc_diff,1,0,315,315,800025b4,8000258e,sltiu,lui,sltiu|lui,287,11873,8000,70,6,19614,3059a7864e2e0c55,b7e15b16857db580,24ed95d48835b7e0
346,bug_143,riscv_rand_jump_test,23527,/workspace/ibex/dv/uvm/out,REGR_MISMATCH,,,,,,pc_diff,1,0,127,127,800076fc,800076b6,c.and,addi,c.and|addi,104,2347,8000,70,6,3669,a751744fcd1f84af,b214db2b70e0f71c,1dbffbae14efbc48
347,bug_143,riscv_rand_jump_test,23528,/workspace/ibex/dv/uvm/out,REGR_MISMATCH,,,,,,pc_diff,1,0,747,747,8000e466,8000e43c,slti,mulhsu,slti|mulhsu,716,8148,8000,70,6,13851,445ec270a8714e73,4b1934a0dede75cf,f500a3af9a713507
348,bug_143,riscv_rand_jump_test,23529,/workspace/ibex/dv/uvm/out,REGR_MISMATCH,,,,,,pc_diff,1,0,545,545,80001dbc,80001dc6,slti,csrrci,slti|csrrci,405,8743,8000,70,6,14257,300367e56c09906b,c870d20a151f0f27,b5de3833616b3291
349,bug_143,riscv_rand_jump_test,23530,/workspace/ibex/dv/uvm/out,REGR_MISMATCH,,,,,,pc_diff,1,0,880,880,800018f0,800018c0,srli,sltu,srli|sltu,826,20773,8000,70,6,4139,1df3f761b260f794,7b4633b28ef9cd5b,473352a2cf80417e
350,bug_143,riscv_rand_jump_test,23531,/workspace/ibex/dv/uvm/out,REGR_MISMATCH,,,,,,pc_diff,1,0,398,398,800007ca,800007d8,lui,andi,lui|andi,593,85105,8000,70,6,138037,3ab59fef259a8e3b,3d6284c113af2862,71513ec3e11d06eb
351,bug_143,riscv_rand_jump_test,23532,/workspace/ibex/dv/uvm/out,REGR_MISMATCH,,,,,,pc_diff,1,0,322,322,8000dde0,8000ddbe,srl,srli,srl|srli,396,9898,8000,70,6,14739,b13245bd56fbfb71,43dfcbb4d39c3bab,8e6b80de6b38f624
352,bug_143,riscv_rand_jump_test,23533,/workspace/ibex/dv/uvm/out,REGR_MISMATCH,,,,,,pc_diff,1,0,731,731,80005ebe,80005eca,andi,sltu,andi|sltu,557,8203,8000,70,6,438849,004fdc1100dbb3e4,ecef3df46c2a687f,9c3e2722979b5d86
353,bug_143,riscv_rand_jump_test,23534,/workspace/ibex/dv/uvm/out,REGR_MISMATCH,,,,,,pc_diff,1,0,208,208,8000b1e0,8000b1de,addi,c.add,addi|c.add,196,1795,8000,70,6,3087,ecf8d5619a7d7891,4df565f88c3ec157,6c392b6ee50535c7
354,bug_143,riscv_rand_jump_test,23535,/workspace/ibex/dv/uvm/out,REGR_MISMATCH,,,,,,pc_diff,1,0,1076,1076,8000460c,8000462e,csrrci,csrrci,csrrci|csrrci,1018,8891,8000,70,6,14015,e10df57f801ea5c6,8abdbb7c23ad1d20,3dddf9b2e19e41e4
355,bug_143,riscv_rand_jump_test,23536,/workspace/ibex/dv/uvm/out,REGR_MISMATCH,,,,,,pc_diff,1,0,557,557,80004ba2,80004b92,rem,sub,rem|sub,522,17237,8000,70,6,14492,7508da7c9a974c71,27ba7078ab2901da,39d7c385577782bf
356,bug_143,riscv_rand_jump_test,23537,/workspace/ibex/dv/uvm/out,REGR_MISMATCH,,,,,,pc_diff,1,0,1830,1830,800021f6,800021e0,slti,xor,slti|xor,1765,5347,8000,70,6,10993,c8f4333270171df4,c4206dc06ca11a25,911d8c724d518116
357,bug_143,riscv_rand_jump_test,23538,/workspace/ibex/dv/uvm/out,REGR_MISMATCH,,,,,,pc_diff,1,0,81,81,80004714,80004724,div,slti,div|slti,90,9196,8000,70,6,15561,b3817d52eced7028,6c1efff37c0dc999,93d71cadfa93147c
358,bug_143,riscv_rand_jump_test,23540,/workspace/ibex/dv/uvm/out,REGR_MISMATCH,,,,,,pc_diff,1,0,184,184,80005f56,80005f78,and,and,and|and,179,11516,8000,70,6,5537,e83cd40c7ad3c7c3,e74b4788924c7bb0,bb447607edf00bfe
359,bug_143,riscv_rand_jump_test,23541,/workspace/ibex/dv/uvm/out,REGR_MISMATCH,,,,,,pc_diff,1,0,865,865,80001252,80001264,c.srai,sub,c.srai|sub,902,149574,8000,70,6,87212,05d9f94f98ebcac2,81918b16e3ba93ec,04cdd9cdbaf70fec
360,bug_143,riscv_rand_jump_test,23542,/workspace/ibex/dv/uvm/out,REGR_MISMATCH,,,,,,pc_diff,1,0,205,205,800111de,800111d4,rem,c.mv,rem|c.mv,189,11174,8001,70,6,1143,8475325e82b46f71,178b4835d71b7291,86b5f93dec29e27a
361,bug_143,riscv_rand_jump_test,23545,/workspace/ibex/dv/uvm/out,REGR_MISMATCH,,,,,,pc_diff,1,0,148,148,80007c1c,80007c14,c.andi,sub,c.andi|sub,427,90601,8000,70,6,135166,ed9eeb53e8a9edbc,17ea86a6686493af,708f44d2662b64fe
362,bug_143,riscv_rand_jump_test,23546,/workspace/ibex/dv/uvm/out,REGR_MISMATCH,,,,,,pc_diff,1,0,436,436,80001ec2,80001edc,and,c.lui,and|c.lui,436,579,8000,70,6,1754,7f299d75e1b5b2c5,f7daafa1f4ddeab0,497b224000e68292
363,bug_143,riscv_rand_jump_test,23548,/workspace/ibex/dv/uvm/out,REGR_MISMATCH,,,,,,pc_diff,1,0,692,692,80000efc,80000ec6,c.lui,slt,c.lui|slt,752,66851,8000,70,6,96876,3eb1c5738c475647,d506ac67012f610b,359a77fa021d824f
364,bug_143,riscv_rand_jump_test,23549,/workspace/ibex/dv/uvm/out,REGR_MISMATCH,,,,,,pc_diff,1,0,162,162,8001081a,800107aa,c.slli,add,c.slli|add,146,6811,8001,70,6,12471,1343084970f891f7,93ab80b9f58094ac,8e8863339fd02df7
