Case,case_name,bug,evidence,note
1,case_1,debug_entry_timeout,sim.67行,UVM_FATAL /workspace/ibex/dv/uvm/tests/core_ibex_base_test.sv(194) @ 4065000: uvm_test_top [uvm_test_top] Did not receive core_status IN_DEBUG_MODE within 1000 cycle timeout period
2,case_2,debug_entry_timeout,sim.67行,UVM_FATAL /workspace/ibex/dv/uvm/tests/core_ibex_base_test.sv(194) @ 4065000: uvm_test_top [uvm_test_top] Did not receive core_status IN_DEBUG_MODE within 1000 cycle timeout period
3,case_3,ebreak_exception_not_taken,regr与trace,regr里ibex还在执行普通指令c.addi.而spike却已经到0x80011080执行trap里的addi，sim没有报UVM fatal
4,case_4,irq_handling_timeout,sim68行,UVM_FATAL /workspace/ibex/dv/uvm/tests/core_ibex_base_test.sv(194) @ 3965000: uvm_test_top [uvm_test_top] Did not receive core_status HANDLING_IRQ within 750 cycle timeout period
5,case_5,irq_handling_timeout,sim68行,65-67已经发起了单个IRQ，然而68行，IRQ 已经 raise，但 750 cycle 内没有看到 core_status = HANDLING_IRQ
6,case_6,csr_wdata_xprop,sim65行开始,regr读到csr报错，sim中出现了大量的Ibex什么什么Known/valid。应该是CSR 测试中，CSR 写路径/相关控制路径产生 X，导致 branch_decision、data_offset、WB state、csr_wdata_int 等多个 assertion 连锁失败。
7,case_7,irq_handling_timeout,sim68行,"UVM_FATAL ... Did not receive core_status HANDLING_IRQ within 750 cycle timeout period,也就是说IRQ 已经 raise，但 750 cycle 内没有看到 core_status = HANDLING_IRQ"
8,case_8,lsu_data_offset_xprop,,regr与case4类似，但是sim68行开始报assertion，所以是IRQ之后某条执行路径中LSU/CSR信号出现X。Case4是IRQ后没有进入 HANDLING_IRQ，直接 timeout，case8是IRQ 后进入 handler/保存上下文，但 LSU data_offset 和 CSR wdata 出现 X
9,case_9,irq_handling_timeout,sim68行,single IRQ 已经注入，但 core 没有在 750 cycle 内进入 HANDLING_IRQ 状态。
