Case,Bug
1,bug_037
2,bug_037
3,bug_037
4,bug_037
5,bug_037
6,bug_037
7,bug_037
8,bug_038
9,bug_038
10,bug_038
11,bug_038
12,bug_038
13,bug_038
14,bug_038
15,bug_038
16,bug_055
17,bug_055
18,bug_055
19,bug_055
20,bug_055
21,bug_055
22,bug_055
23,bug_056
24,bug_056
25,bug_056
26,bug_056
27,bug_056
28,bug_056
29,bug_056
30,bug_057
31,bug_057
32,bug_057
33,bug_057
34,bug_057
35,bug_057
36,bug_057
37,bug_057
38,bug_058
39,bug_058
40,bug_058
41,bug_058
42,bug_059
43,bug_059
44,bug_059
45,bug_059
46,bug_059
47,bug_059
48,bug_060
49,bug_060
50,bug_060
51,bug_060
52,bug_060
53,bug_060
54,bug_061
55,bug_061
56,bug_061
57,bug_061
58,bug_061
59,bug_061
60,bug_062
61,bug_062
62,bug_062
63,bug_062
64,bug_062
65,bug_062
