case_id,bug_id,group,family,test,seed,source_run_dir
case_000001,bug_001,alu,alu_add_sub_result_wrong,riscv_machine_mode_rand_test,101,/home/meow/iccad/dataset/raw_runs_first_batch/bug_001/riscv_machine_mode_rand_test/seed_000101
case_000002,bug_001,alu,alu_add_sub_result_wrong,riscv_machine_mode_rand_test,102,/home/meow/iccad/dataset/raw_runs_first_batch/bug_001/riscv_machine_mode_rand_test/seed_000102
case_000003,bug_001,alu,alu_add_sub_result_wrong,riscv_machine_mode_rand_test,103,/home/meow/iccad/dataset/raw_runs_first_batch/bug_001/riscv_machine_mode_rand_test/seed_000103
case_000004,bug_001,alu,alu_add_sub_result_wrong,riscv_machine_mode_rand_test,104,/home/meow/iccad/dataset/raw_runs_first_batch/bug_001/riscv_machine_mode_rand_test/seed_000104
case_000005,bug_001,alu,alu_add_sub_result_wrong,riscv_machine_mode_rand_test,105,/home/meow/iccad/dataset/raw_runs_first_batch/bug_001/riscv_machine_mode_rand_test/seed_000105
case_000006,bug_001,alu,alu_add_sub_result_wrong,riscv_machine_mode_rand_test,501,/home/meow/iccad/dataset/raw_runs_first_batch/bug_001/riscv_machine_mode_rand_test/seed_000501
case_000007,bug_001,alu,alu_add_sub_result_wrong,riscv_machine_mode_rand_test,502,/home/meow/iccad/dataset/raw_runs_first_batch/bug_001/riscv_machine_mode_rand_test/seed_000502
case_000008,bug_001,alu,alu_add_sub_result_wrong,riscv_machine_mode_rand_test,503,/home/meow/iccad/dataset/raw_runs_first_batch/bug_001/riscv_machine_mode_rand_test/seed_000503
case_000009,bug_001,alu,alu_add_sub_result_wrong,riscv_machine_mode_rand_test,504,/home/meow/iccad/dataset/raw_runs_first_batch/bug_001/riscv_machine_mode_rand_test/seed_000504
case_000010,bug_001,alu,alu_add_sub_result_wrong,riscv_machine_mode_rand_test,505,/home/meow/iccad/dataset/raw_runs_first_batch/bug_001/riscv_machine_mode_rand_test/seed_000505
case_000011,bug_001,alu,alu_add_sub_result_wrong,riscv_rand_instr_test,2001,/home/meow/iccad/dataset/raw_runs_first_batch/bug_001/riscv_rand_instr_test/seed_002001
case_000012,bug_001,alu,alu_add_sub_result_wrong,riscv_rand_instr_test,2002,/home/meow/iccad/dataset/raw_runs_first_batch/bug_001/riscv_rand_instr_test/seed_002002
case_000013,bug_001,alu,alu_add_sub_result_wrong,riscv_rand_instr_test,2003,/home/meow/iccad/dataset/raw_runs_first_batch/bug_001/riscv_rand_instr_test/seed_002003
case_000014,bug_001,alu,alu_add_sub_result_wrong,riscv_rand_instr_test,2004,/home/meow/iccad/dataset/raw_runs_first_batch/bug_001/riscv_rand_instr_test/seed_002004
case_000015,bug_001,alu,alu_add_sub_result_wrong,riscv_rand_instr_test,2005,/home/meow/iccad/dataset/raw_runs_first_batch/bug_001/riscv_rand_instr_test/seed_002005
case_000016,bug_002,alu,alu_compare_signedness_wrong,riscv_machine_mode_rand_test,111,/home/meow/iccad/dataset/raw_runs_first_batch/bug_002/riscv_machine_mode_rand_test/seed_000111
case_000017,bug_002,alu,alu_compare_signedness_wrong,riscv_machine_mode_rand_test,112,/home/meow/iccad/dataset/raw_runs_first_batch/bug_002/riscv_machine_mode_rand_test/seed_000112
case_000018,bug_002,alu,alu_compare_signedness_wrong,riscv_machine_mode_rand_test,113,/home/meow/iccad/dataset/raw_runs_first_batch/bug_002/riscv_machine_mode_rand_test/seed_000113
case_000019,bug_002,alu,alu_compare_signedness_wrong,riscv_machine_mode_rand_test,114,/home/meow/iccad/dataset/raw_runs_first_batch/bug_002/riscv_machine_mode_rand_test/seed_000114
case_000020,bug_002,alu,alu_compare_signedness_wrong,riscv_machine_mode_rand_test,115,/home/meow/iccad/dataset/raw_runs_first_batch/bug_002/riscv_machine_mode_rand_test/seed_000115
case_000021,bug_002,alu,alu_compare_signedness_wrong,riscv_machine_mode_rand_test,511,/home/meow/iccad/dataset/raw_runs_first_batch/bug_002/riscv_machine_mode_rand_test/seed_000511
case_000022,bug_002,alu,alu_compare_signedness_wrong,riscv_machine_mode_rand_test,512,/home/meow/iccad/dataset/raw_runs_first_batch/bug_002/riscv_machine_mode_rand_test/seed_000512
case_000023,bug_002,alu,alu_compare_signedness_wrong,riscv_machine_mode_rand_test,513,/home/meow/iccad/dataset/raw_runs_first_batch/bug_002/riscv_machine_mode_rand_test/seed_000513
case_000024,bug_002,alu,alu_compare_signedness_wrong,riscv_machine_mode_rand_test,514,/home/meow/iccad/dataset/raw_runs_first_batch/bug_002/riscv_machine_mode_rand_test/seed_000514
case_000025,bug_002,alu,alu_compare_signedness_wrong,riscv_machine_mode_rand_test,515,/home/meow/iccad/dataset/raw_runs_first_batch/bug_002/riscv_machine_mode_rand_test/seed_000515
case_000026,bug_002,alu,alu_compare_signedness_wrong,riscv_rand_instr_test,2011,/home/meow/iccad/dataset/raw_runs_first_batch/bug_002/riscv_rand_instr_test/seed_002011
case_000027,bug_002,alu,alu_compare_signedness_wrong,riscv_rand_instr_test,2012,/home/meow/iccad/dataset/raw_runs_first_batch/bug_002/riscv_rand_instr_test/seed_002012
case_000028,bug_002,alu,alu_compare_signedness_wrong,riscv_rand_instr_test,2013,/home/meow/iccad/dataset/raw_runs_first_batch/bug_002/riscv_rand_instr_test/seed_002013
case_000029,bug_002,alu,alu_compare_signedness_wrong,riscv_rand_instr_test,2014,/home/meow/iccad/dataset/raw_runs_first_batch/bug_002/riscv_rand_instr_test/seed_002014
case_000030,bug_002,alu,alu_compare_signedness_wrong,riscv_rand_instr_test,2015,/home/meow/iccad/dataset/raw_runs_first_batch/bug_002/riscv_rand_instr_test/seed_002015
case_000031,bug_003,alu,alu_shift_arithmetic_wrong,riscv_machine_mode_rand_test,121,/home/meow/iccad/dataset/raw_runs_first_batch/bug_003/riscv_machine_mode_rand_test/seed_000121
case_000032,bug_003,alu,alu_shift_arithmetic_wrong,riscv_machine_mode_rand_test,122,/home/meow/iccad/dataset/raw_runs_first_batch/bug_003/riscv_machine_mode_rand_test/seed_000122
case_000033,bug_003,alu,alu_shift_arithmetic_wrong,riscv_machine_mode_rand_test,123,/home/meow/iccad/dataset/raw_runs_first_batch/bug_003/riscv_machine_mode_rand_test/seed_000123
case_000034,bug_003,alu,alu_shift_arithmetic_wrong,riscv_machine_mode_rand_test,124,/home/meow/iccad/dataset/raw_runs_first_batch/bug_003/riscv_machine_mode_rand_test/seed_000124
case_000035,bug_003,alu,alu_shift_arithmetic_wrong,riscv_machine_mode_rand_test,125,/home/meow/iccad/dataset/raw_runs_first_batch/bug_003/riscv_machine_mode_rand_test/seed_000125
case_000036,bug_003,alu,alu_shift_arithmetic_wrong,riscv_machine_mode_rand_test,521,/home/meow/iccad/dataset/raw_runs_first_batch/bug_003/riscv_machine_mode_rand_test/seed_000521
case_000037,bug_003,alu,alu_shift_arithmetic_wrong,riscv_machine_mode_rand_test,522,/home/meow/iccad/dataset/raw_runs_first_batch/bug_003/riscv_machine_mode_rand_test/seed_000522
case_000038,bug_003,alu,alu_shift_arithmetic_wrong,riscv_machine_mode_rand_test,523,/home/meow/iccad/dataset/raw_runs_first_batch/bug_003/riscv_machine_mode_rand_test/seed_000523
case_000039,bug_003,alu,alu_shift_arithmetic_wrong,riscv_machine_mode_rand_test,524,/home/meow/iccad/dataset/raw_runs_first_batch/bug_003/riscv_machine_mode_rand_test/seed_000524
case_000040,bug_003,alu,alu_shift_arithmetic_wrong,riscv_machine_mode_rand_test,525,/home/meow/iccad/dataset/raw_runs_first_batch/bug_003/riscv_machine_mode_rand_test/seed_000525
case_000041,bug_003,alu,alu_shift_arithmetic_wrong,riscv_rand_instr_test,2021,/home/meow/iccad/dataset/raw_runs_first_batch/bug_003/riscv_rand_instr_test/seed_002021
case_000042,bug_003,alu,alu_shift_arithmetic_wrong,riscv_rand_instr_test,2022,/home/meow/iccad/dataset/raw_runs_first_batch/bug_003/riscv_rand_instr_test/seed_002022
case_000043,bug_003,alu,alu_shift_arithmetic_wrong,riscv_rand_instr_test,2023,/home/meow/iccad/dataset/raw_runs_first_batch/bug_003/riscv_rand_instr_test/seed_002023
case_000044,bug_003,alu,alu_shift_arithmetic_wrong,riscv_rand_instr_test,2024,/home/meow/iccad/dataset/raw_runs_first_batch/bug_003/riscv_rand_instr_test/seed_002024
case_000045,bug_003,alu,alu_shift_arithmetic_wrong,riscv_rand_instr_test,2025,/home/meow/iccad/dataset/raw_runs_first_batch/bug_003/riscv_rand_instr_test/seed_002025
case_000046,bug_005,branch,branch_condition_wrong,riscv_machine_mode_rand_test,141,/home/meow/iccad/dataset/raw_runs_first_batch/bug_005/riscv_machine_mode_rand_test/seed_000141
case_000047,bug_005,branch,branch_condition_wrong,riscv_machine_mode_rand_test,142,/home/meow/iccad/dataset/raw_runs_first_batch/bug_005/riscv_machine_mode_rand_test/seed_000142
case_000048,bug_005,branch,branch_condition_wrong,riscv_machine_mode_rand_test,143,/home/meow/iccad/dataset/raw_runs_first_batch/bug_005/riscv_machine_mode_rand_test/seed_000143
case_000049,bug_005,branch,branch_condition_wrong,riscv_machine_mode_rand_test,144,/home/meow/iccad/dataset/raw_runs_first_batch/bug_005/riscv_machine_mode_rand_test/seed_000144
case_000050,bug_005,branch,branch_condition_wrong,riscv_machine_mode_rand_test,145,/home/meow/iccad/dataset/raw_runs_first_batch/bug_005/riscv_machine_mode_rand_test/seed_000145
case_000051,bug_005,branch,branch_condition_wrong,riscv_machine_mode_rand_test,531,/home/meow/iccad/dataset/raw_runs_first_batch/bug_005/riscv_machine_mode_rand_test/seed_000531
case_000052,bug_005,branch,branch_condition_wrong,riscv_machine_mode_rand_test,532,/home/meow/iccad/dataset/raw_runs_first_batch/bug_005/riscv_machine_mode_rand_test/seed_000532
case_000053,bug_005,branch,branch_condition_wrong,riscv_machine_mode_rand_test,533,/home/meow/iccad/dataset/raw_runs_first_batch/bug_005/riscv_machine_mode_rand_test/seed_000533
case_000054,bug_005,branch,branch_condition_wrong,riscv_machine_mode_rand_test,534,/home/meow/iccad/dataset/raw_runs_first_batch/bug_005/riscv_machine_mode_rand_test/seed_000534
case_000055,bug_005,branch,branch_condition_wrong,riscv_machine_mode_rand_test,535,/home/meow/iccad/dataset/raw_runs_first_batch/bug_005/riscv_machine_mode_rand_test/seed_000535
case_000056,bug_005,branch,branch_condition_wrong,riscv_rand_instr_test,2031,/home/meow/iccad/dataset/raw_runs_first_batch/bug_005/riscv_rand_instr_test/seed_002031
case_000057,bug_005,branch,branch_condition_wrong,riscv_rand_instr_test,2032,/home/meow/iccad/dataset/raw_runs_first_batch/bug_005/riscv_rand_instr_test/seed_002032
case_000058,bug_005,branch,branch_condition_wrong,riscv_rand_instr_test,2033,/home/meow/iccad/dataset/raw_runs_first_batch/bug_005/riscv_rand_instr_test/seed_002033
case_000059,bug_005,branch,branch_condition_wrong,riscv_rand_instr_test,2034,/home/meow/iccad/dataset/raw_runs_first_batch/bug_005/riscv_rand_instr_test/seed_002034
case_000060,bug_005,branch,branch_condition_wrong,riscv_rand_instr_test,2035,/home/meow/iccad/dataset/raw_runs_first_batch/bug_005/riscv_rand_instr_test/seed_002035
case_000061,bug_008,loadstore,load_sign_extend_wrong,riscv_machine_mode_rand_test,171,/home/meow/iccad/dataset/raw_runs_first_batch/bug_008/riscv_machine_mode_rand_test/seed_000171
case_000062,bug_008,loadstore,load_sign_extend_wrong,riscv_machine_mode_rand_test,172,/home/meow/iccad/dataset/raw_runs_first_batch/bug_008/riscv_machine_mode_rand_test/seed_000172
case_000063,bug_008,loadstore,load_sign_extend_wrong,riscv_machine_mode_rand_test,173,/home/meow/iccad/dataset/raw_runs_first_batch/bug_008/riscv_machine_mode_rand_test/seed_000173
case_000064,bug_008,loadstore,load_sign_extend_wrong,riscv_machine_mode_rand_test,174,/home/meow/iccad/dataset/raw_runs_first_batch/bug_008/riscv_machine_mode_rand_test/seed_000174
case_000065,bug_008,loadstore,load_sign_extend_wrong,riscv_machine_mode_rand_test,175,/home/meow/iccad/dataset/raw_runs_first_batch/bug_008/riscv_machine_mode_rand_test/seed_000175
case_000066,bug_008,loadstore,load_sign_extend_wrong,riscv_machine_mode_rand_test,541,/home/meow/iccad/dataset/raw_runs_first_batch/bug_008/riscv_machine_mode_rand_test/seed_000541
case_000067,bug_008,loadstore,load_sign_extend_wrong,riscv_machine_mode_rand_test,542,/home/meow/iccad/dataset/raw_runs_first_batch/bug_008/riscv_machine_mode_rand_test/seed_000542
case_000068,bug_008,loadstore,load_sign_extend_wrong,riscv_machine_mode_rand_test,543,/home/meow/iccad/dataset/raw_runs_first_batch/bug_008/riscv_machine_mode_rand_test/seed_000543
case_000069,bug_008,loadstore,load_sign_extend_wrong,riscv_machine_mode_rand_test,544,/home/meow/iccad/dataset/raw_runs_first_batch/bug_008/riscv_machine_mode_rand_test/seed_000544
case_000070,bug_008,loadstore,load_sign_extend_wrong,riscv_machine_mode_rand_test,545,/home/meow/iccad/dataset/raw_runs_first_batch/bug_008/riscv_machine_mode_rand_test/seed_000545
case_000071,bug_008,loadstore,load_sign_extend_wrong,riscv_rand_instr_test,2041,/home/meow/iccad/dataset/raw_runs_first_batch/bug_008/riscv_rand_instr_test/seed_002041
case_000072,bug_008,loadstore,load_sign_extend_wrong,riscv_rand_instr_test,2042,/home/meow/iccad/dataset/raw_runs_first_batch/bug_008/riscv_rand_instr_test/seed_002042
case_000073,bug_008,loadstore,load_sign_extend_wrong,riscv_rand_instr_test,2043,/home/meow/iccad/dataset/raw_runs_first_batch/bug_008/riscv_rand_instr_test/seed_002043
case_000074,bug_008,loadstore,load_sign_extend_wrong,riscv_rand_instr_test,2044,/home/meow/iccad/dataset/raw_runs_first_batch/bug_008/riscv_rand_instr_test/seed_002044
case_000075,bug_008,loadstore,load_sign_extend_wrong,riscv_rand_instr_test,2045,/home/meow/iccad/dataset/raw_runs_first_batch/bug_008/riscv_rand_instr_test/seed_002045
case_000076,bug_009,loadstore,store_byte_enable_wrong,riscv_machine_mode_rand_test,181,/home/meow/iccad/dataset/raw_runs_first_batch/bug_009/riscv_machine_mode_rand_test/seed_000181
case_000077,bug_009,loadstore,store_byte_enable_wrong,riscv_machine_mode_rand_test,182,/home/meow/iccad/dataset/raw_runs_first_batch/bug_009/riscv_machine_mode_rand_test/seed_000182
case_000078,bug_009,loadstore,store_byte_enable_wrong,riscv_machine_mode_rand_test,183,/home/meow/iccad/dataset/raw_runs_first_batch/bug_009/riscv_machine_mode_rand_test/seed_000183
case_000079,bug_009,loadstore,store_byte_enable_wrong,riscv_machine_mode_rand_test,184,/home/meow/iccad/dataset/raw_runs_first_batch/bug_009/riscv_machine_mode_rand_test/seed_000184
case_000080,bug_009,loadstore,store_byte_enable_wrong,riscv_machine_mode_rand_test,185,/home/meow/iccad/dataset/raw_runs_first_batch/bug_009/riscv_machine_mode_rand_test/seed_000185
case_000081,bug_009,loadstore,store_byte_enable_wrong,riscv_machine_mode_rand_test,551,/home/meow/iccad/dataset/raw_runs_first_batch/bug_009/riscv_machine_mode_rand_test/seed_000551
case_000082,bug_009,loadstore,store_byte_enable_wrong,riscv_machine_mode_rand_test,552,/home/meow/iccad/dataset/raw_runs_first_batch/bug_009/riscv_machine_mode_rand_test/seed_000552
case_000083,bug_009,loadstore,store_byte_enable_wrong,riscv_machine_mode_rand_test,553,/home/meow/iccad/dataset/raw_runs_first_batch/bug_009/riscv_machine_mode_rand_test/seed_000553
case_000084,bug_009,loadstore,store_byte_enable_wrong,riscv_machine_mode_rand_test,554,/home/meow/iccad/dataset/raw_runs_first_batch/bug_009/riscv_machine_mode_rand_test/seed_000554
case_000085,bug_009,loadstore,store_byte_enable_wrong,riscv_machine_mode_rand_test,555,/home/meow/iccad/dataset/raw_runs_first_batch/bug_009/riscv_machine_mode_rand_test/seed_000555
case_000086,bug_009,loadstore,store_byte_enable_wrong,riscv_rand_instr_test,2051,/home/meow/iccad/dataset/raw_runs_first_batch/bug_009/riscv_rand_instr_test/seed_002051
case_000087,bug_009,loadstore,store_byte_enable_wrong,riscv_rand_instr_test,2052,/home/meow/iccad/dataset/raw_runs_first_batch/bug_009/riscv_rand_instr_test/seed_002052
case_000088,bug_009,loadstore,store_byte_enable_wrong,riscv_rand_instr_test,2053,/home/meow/iccad/dataset/raw_runs_first_batch/bug_009/riscv_rand_instr_test/seed_002053
case_000089,bug_009,loadstore,store_byte_enable_wrong,riscv_rand_instr_test,2054,/home/meow/iccad/dataset/raw_runs_first_batch/bug_009/riscv_rand_instr_test/seed_002054
case_000090,bug_009,loadstore,store_byte_enable_wrong,riscv_rand_instr_test,2055,/home/meow/iccad/dataset/raw_runs_first_batch/bug_009/riscv_rand_instr_test/seed_002055
case_000091,bug_010,csr,csr_op_set_clear_swap,riscv_machine_mode_rand_test,601,/home/meow/iccad/dataset/raw_runs_first_batch/bug_010/riscv_machine_mode_rand_test/seed_000601
case_000092,bug_010,csr,csr_op_set_clear_swap,riscv_machine_mode_rand_test,602,/home/meow/iccad/dataset/raw_runs_first_batch/bug_010/riscv_machine_mode_rand_test/seed_000602
case_000093,bug_010,csr,csr_op_set_clear_swap,riscv_machine_mode_rand_test,603,/home/meow/iccad/dataset/raw_runs_first_batch/bug_010/riscv_machine_mode_rand_test/seed_000603
case_000094,bug_010,csr,csr_op_set_clear_swap,riscv_machine_mode_rand_test,604,/home/meow/iccad/dataset/raw_runs_first_batch/bug_010/riscv_machine_mode_rand_test/seed_000604
case_000095,bug_010,csr,csr_op_set_clear_swap,riscv_machine_mode_rand_test,605,/home/meow/iccad/dataset/raw_runs_first_batch/bug_010/riscv_machine_mode_rand_test/seed_000605
case_000096,bug_010,csr,csr_op_set_clear_swap,riscv_machine_mode_rand_test,606,/home/meow/iccad/dataset/raw_runs_first_batch/bug_010/riscv_machine_mode_rand_test/seed_000606
case_000097,bug_010,csr,csr_op_set_clear_swap,riscv_machine_mode_rand_test,607,/home/meow/iccad/dataset/raw_runs_first_batch/bug_010/riscv_machine_mode_rand_test/seed_000607
case_000098,bug_010,csr,csr_op_set_clear_swap,riscv_machine_mode_rand_test,608,/home/meow/iccad/dataset/raw_runs_first_batch/bug_010/riscv_machine_mode_rand_test/seed_000608
case_000099,bug_010,csr,csr_op_set_clear_swap,riscv_machine_mode_rand_test,609,/home/meow/iccad/dataset/raw_runs_first_batch/bug_010/riscv_machine_mode_rand_test/seed_000609
case_000100,bug_010,csr,csr_op_set_clear_swap,riscv_machine_mode_rand_test,610,/home/meow/iccad/dataset/raw_runs_first_batch/bug_010/riscv_machine_mode_rand_test/seed_000610
case_000101,bug_010,csr,csr_op_set_clear_swap,riscv_rand_instr_test,2061,/home/meow/iccad/dataset/raw_runs_first_batch/bug_010/riscv_rand_instr_test/seed_002061
case_000102,bug_010,csr,csr_op_set_clear_swap,riscv_rand_instr_test,2062,/home/meow/iccad/dataset/raw_runs_first_batch/bug_010/riscv_rand_instr_test/seed_002062
case_000103,bug_010,csr,csr_op_set_clear_swap,riscv_rand_instr_test,2063,/home/meow/iccad/dataset/raw_runs_first_batch/bug_010/riscv_rand_instr_test/seed_002063
case_000104,bug_010,csr,csr_op_set_clear_swap,riscv_rand_instr_test,2064,/home/meow/iccad/dataset/raw_runs_first_batch/bug_010/riscv_rand_instr_test/seed_002064
case_000105,bug_010,csr,csr_op_set_clear_swap,riscv_rand_instr_test,2065,/home/meow/iccad/dataset/raw_runs_first_batch/bug_010/riscv_rand_instr_test/seed_002065
case_000106,bug_011,exception,illegal_instr_trap_missing,riscv_machine_mode_rand_test,701,/home/meow/iccad/dataset/raw_runs_first_batch/bug_011/riscv_machine_mode_rand_test/seed_000701
case_000107,bug_011,exception,illegal_instr_trap_missing,riscv_machine_mode_rand_test,702,/home/meow/iccad/dataset/raw_runs_first_batch/bug_011/riscv_machine_mode_rand_test/seed_000702
case_000108,bug_011,exception,illegal_instr_trap_missing,riscv_machine_mode_rand_test,703,/home/meow/iccad/dataset/raw_runs_first_batch/bug_011/riscv_machine_mode_rand_test/seed_000703
case_000109,bug_011,exception,illegal_instr_trap_missing,riscv_machine_mode_rand_test,704,/home/meow/iccad/dataset/raw_runs_first_batch/bug_011/riscv_machine_mode_rand_test/seed_000704
case_000110,bug_011,exception,illegal_instr_trap_missing,riscv_machine_mode_rand_test,705,/home/meow/iccad/dataset/raw_runs_first_batch/bug_011/riscv_machine_mode_rand_test/seed_000705
case_000111,bug_011,exception,illegal_instr_trap_missing,riscv_machine_mode_rand_test,706,/home/meow/iccad/dataset/raw_runs_first_batch/bug_011/riscv_machine_mode_rand_test/seed_000706
case_000112,bug_011,exception,illegal_instr_trap_missing,riscv_machine_mode_rand_test,707,/home/meow/iccad/dataset/raw_runs_first_batch/bug_011/riscv_machine_mode_rand_test/seed_000707
case_000113,bug_011,exception,illegal_instr_trap_missing,riscv_machine_mode_rand_test,708,/home/meow/iccad/dataset/raw_runs_first_batch/bug_011/riscv_machine_mode_rand_test/seed_000708
case_000114,bug_011,exception,illegal_instr_trap_missing,riscv_machine_mode_rand_test,709,/home/meow/iccad/dataset/raw_runs_first_batch/bug_011/riscv_machine_mode_rand_test/seed_000709
case_000115,bug_011,exception,illegal_instr_trap_missing,riscv_machine_mode_rand_test,710,/home/meow/iccad/dataset/raw_runs_first_batch/bug_011/riscv_machine_mode_rand_test/seed_000710
case_000116,bug_011,exception,illegal_instr_trap_missing,riscv_rand_instr_test,2071,/home/meow/iccad/dataset/raw_runs_first_batch/bug_011/riscv_rand_instr_test/seed_002071
case_000117,bug_011,exception,illegal_instr_trap_missing,riscv_rand_instr_test,2072,/home/meow/iccad/dataset/raw_runs_first_batch/bug_011/riscv_rand_instr_test/seed_002072
case_000118,bug_011,exception,illegal_instr_trap_missing,riscv_rand_instr_test,2073,/home/meow/iccad/dataset/raw_runs_first_batch/bug_011/riscv_rand_instr_test/seed_002073
case_000119,bug_011,exception,illegal_instr_trap_missing,riscv_rand_instr_test,2074,/home/meow/iccad/dataset/raw_runs_first_batch/bug_011/riscv_rand_instr_test/seed_002074
case_000120,bug_011,exception,illegal_instr_trap_missing,riscv_rand_instr_test,2075,/home/meow/iccad/dataset/raw_runs_first_batch/bug_011/riscv_rand_instr_test/seed_002075
case_000121,bug_012,pipeline,forwarding_data_wrong,riscv_machine_mode_rand_test,801,/home/meow/iccad/dataset/raw_runs_first_batch/bug_012/riscv_machine_mode_rand_test/seed_000801
case_000122,bug_012,pipeline,forwarding_data_wrong,riscv_machine_mode_rand_test,802,/home/meow/iccad/dataset/raw_runs_first_batch/bug_012/riscv_machine_mode_rand_test/seed_000802
case_000123,bug_012,pipeline,forwarding_data_wrong,riscv_machine_mode_rand_test,803,/home/meow/iccad/dataset/raw_runs_first_batch/bug_012/riscv_machine_mode_rand_test/seed_000803
case_000124,bug_012,pipeline,forwarding_data_wrong,riscv_machine_mode_rand_test,804,/home/meow/iccad/dataset/raw_runs_first_batch/bug_012/riscv_machine_mode_rand_test/seed_000804
case_000125,bug_012,pipeline,forwarding_data_wrong,riscv_machine_mode_rand_test,805,/home/meow/iccad/dataset/raw_runs_first_batch/bug_012/riscv_machine_mode_rand_test/seed_000805
case_000126,bug_012,pipeline,forwarding_data_wrong,riscv_machine_mode_rand_test,806,/home/meow/iccad/dataset/raw_runs_first_batch/bug_012/riscv_machine_mode_rand_test/seed_000806
case_000127,bug_012,pipeline,forwarding_data_wrong,riscv_machine_mode_rand_test,807,/home/meow/iccad/dataset/raw_runs_first_batch/bug_012/riscv_machine_mode_rand_test/seed_000807
case_000128,bug_012,pipeline,forwarding_data_wrong,riscv_machine_mode_rand_test,808,/home/meow/iccad/dataset/raw_runs_first_batch/bug_012/riscv_machine_mode_rand_test/seed_000808
case_000129,bug_012,pipeline,forwarding_data_wrong,riscv_machine_mode_rand_test,809,/home/meow/iccad/dataset/raw_runs_first_batch/bug_012/riscv_machine_mode_rand_test/seed_000809
case_000130,bug_012,pipeline,forwarding_data_wrong,riscv_machine_mode_rand_test,810,/home/meow/iccad/dataset/raw_runs_first_batch/bug_012/riscv_machine_mode_rand_test/seed_000810
case_000131,bug_012,pipeline,forwarding_data_wrong,riscv_rand_instr_test,2081,/home/meow/iccad/dataset/raw_runs_first_batch/bug_012/riscv_rand_instr_test/seed_002081
case_000132,bug_012,pipeline,forwarding_data_wrong,riscv_rand_instr_test,2082,/home/meow/iccad/dataset/raw_runs_first_batch/bug_012/riscv_rand_instr_test/seed_002082
case_000133,bug_012,pipeline,forwarding_data_wrong,riscv_rand_instr_test,2083,/home/meow/iccad/dataset/raw_runs_first_batch/bug_012/riscv_rand_instr_test/seed_002083
case_000134,bug_012,pipeline,forwarding_data_wrong,riscv_rand_instr_test,2084,/home/meow/iccad/dataset/raw_runs_first_batch/bug_012/riscv_rand_instr_test/seed_002084
case_000135,bug_012,pipeline,forwarding_data_wrong,riscv_rand_instr_test,2085,/home/meow/iccad/dataset/raw_runs_first_batch/bug_012/riscv_rand_instr_test/seed_002085
case_000136,bug_013,jump,jalr_target_base_wrong,riscv_machine_mode_rand_test,811,/home/meow/iccad/dataset/raw_runs_first_batch/bug_013/riscv_machine_mode_rand_test/seed_000811
case_000137,bug_013,jump,jalr_target_base_wrong,riscv_machine_mode_rand_test,812,/home/meow/iccad/dataset/raw_runs_first_batch/bug_013/riscv_machine_mode_rand_test/seed_000812
case_000138,bug_013,jump,jalr_target_base_wrong,riscv_machine_mode_rand_test,813,/home/meow/iccad/dataset/raw_runs_first_batch/bug_013/riscv_machine_mode_rand_test/seed_000813
case_000139,bug_013,jump,jalr_target_base_wrong,riscv_machine_mode_rand_test,814,/home/meow/iccad/dataset/raw_runs_first_batch/bug_013/riscv_machine_mode_rand_test/seed_000814
case_000140,bug_013,jump,jalr_target_base_wrong,riscv_machine_mode_rand_test,815,/home/meow/iccad/dataset/raw_runs_first_batch/bug_013/riscv_machine_mode_rand_test/seed_000815
case_000141,bug_013,jump,jalr_target_base_wrong,riscv_machine_mode_rand_test,816,/home/meow/iccad/dataset/raw_runs_first_batch/bug_013/riscv_machine_mode_rand_test/seed_000816
case_000142,bug_013,jump,jalr_target_base_wrong,riscv_machine_mode_rand_test,817,/home/meow/iccad/dataset/raw_runs_first_batch/bug_013/riscv_machine_mode_rand_test/seed_000817
case_000143,bug_013,jump,jalr_target_base_wrong,riscv_machine_mode_rand_test,818,/home/meow/iccad/dataset/raw_runs_first_batch/bug_013/riscv_machine_mode_rand_test/seed_000818
case_000144,bug_013,jump,jalr_target_base_wrong,riscv_machine_mode_rand_test,819,/home/meow/iccad/dataset/raw_runs_first_batch/bug_013/riscv_machine_mode_rand_test/seed_000819
case_000145,bug_013,jump,jalr_target_base_wrong,riscv_machine_mode_rand_test,820,/home/meow/iccad/dataset/raw_runs_first_batch/bug_013/riscv_machine_mode_rand_test/seed_000820
case_000146,bug_013,jump,jalr_target_base_wrong,riscv_rand_instr_test,2091,/home/meow/iccad/dataset/raw_runs_first_batch/bug_013/riscv_rand_instr_test/seed_002091
case_000147,bug_013,jump,jalr_target_base_wrong,riscv_rand_instr_test,2092,/home/meow/iccad/dataset/raw_runs_first_batch/bug_013/riscv_rand_instr_test/seed_002092
case_000148,bug_013,jump,jalr_target_base_wrong,riscv_rand_instr_test,2093,/home/meow/iccad/dataset/raw_runs_first_batch/bug_013/riscv_rand_instr_test/seed_002093
case_000149,bug_013,jump,jalr_target_base_wrong,riscv_rand_instr_test,2094,/home/meow/iccad/dataset/raw_runs_first_batch/bug_013/riscv_rand_instr_test/seed_002094
case_000150,bug_013,jump,jalr_target_base_wrong,riscv_rand_instr_test,2095,/home/meow/iccad/dataset/raw_runs_first_batch/bug_013/riscv_rand_instr_test/seed_002095
case_000151,bug_014,decode,opimm_operand_b_mux_wrong,riscv_machine_mode_rand_test,821,/home/meow/iccad/dataset/raw_runs_first_batch/bug_014/riscv_machine_mode_rand_test/seed_000821
case_000152,bug_014,decode,opimm_operand_b_mux_wrong,riscv_machine_mode_rand_test,822,/home/meow/iccad/dataset/raw_runs_first_batch/bug_014/riscv_machine_mode_rand_test/seed_000822
case_000153,bug_014,decode,opimm_operand_b_mux_wrong,riscv_machine_mode_rand_test,823,/home/meow/iccad/dataset/raw_runs_first_batch/bug_014/riscv_machine_mode_rand_test/seed_000823
case_000154,bug_014,decode,opimm_operand_b_mux_wrong,riscv_machine_mode_rand_test,824,/home/meow/iccad/dataset/raw_runs_first_batch/bug_014/riscv_machine_mode_rand_test/seed_000824
case_000155,bug_014,decode,opimm_operand_b_mux_wrong,riscv_machine_mode_rand_test,825,/home/meow/iccad/dataset/raw_runs_first_batch/bug_014/riscv_machine_mode_rand_test/seed_000825
case_000156,bug_014,decode,opimm_operand_b_mux_wrong,riscv_machine_mode_rand_test,826,/home/meow/iccad/dataset/raw_runs_first_batch/bug_014/riscv_machine_mode_rand_test/seed_000826
case_000157,bug_014,decode,opimm_operand_b_mux_wrong,riscv_machine_mode_rand_test,827,/home/meow/iccad/dataset/raw_runs_first_batch/bug_014/riscv_machine_mode_rand_test/seed_000827
case_000158,bug_014,decode,opimm_operand_b_mux_wrong,riscv_machine_mode_rand_test,828,/home/meow/iccad/dataset/raw_runs_first_batch/bug_014/riscv_machine_mode_rand_test/seed_000828
case_000159,bug_014,decode,opimm_operand_b_mux_wrong,riscv_machine_mode_rand_test,829,/home/meow/iccad/dataset/raw_runs_first_batch/bug_014/riscv_machine_mode_rand_test/seed_000829
case_000160,bug_014,decode,opimm_operand_b_mux_wrong,riscv_machine_mode_rand_test,830,/home/meow/iccad/dataset/raw_runs_first_batch/bug_014/riscv_machine_mode_rand_test/seed_000830
case_000161,bug_014,decode,opimm_operand_b_mux_wrong,riscv_rand_instr_test,2101,/home/meow/iccad/dataset/raw_runs_first_batch/bug_014/riscv_rand_instr_test/seed_002101
case_000162,bug_014,decode,opimm_operand_b_mux_wrong,riscv_rand_instr_test,2102,/home/meow/iccad/dataset/raw_runs_first_batch/bug_014/riscv_rand_instr_test/seed_002102
case_000163,bug_014,decode,opimm_operand_b_mux_wrong,riscv_rand_instr_test,2103,/home/meow/iccad/dataset/raw_runs_first_batch/bug_014/riscv_rand_instr_test/seed_002103
case_000164,bug_014,decode,opimm_operand_b_mux_wrong,riscv_rand_instr_test,2104,/home/meow/iccad/dataset/raw_runs_first_batch/bug_014/riscv_rand_instr_test/seed_002104
case_000165,bug_014,decode,opimm_operand_b_mux_wrong,riscv_rand_instr_test,2105,/home/meow/iccad/dataset/raw_runs_first_batch/bug_014/riscv_rand_instr_test/seed_002105
case_000166,bug_015,multdiv,mul_operator_decode_wrong,riscv_machine_mode_rand_test,831,/home/meow/iccad/dataset/raw_runs_first_batch/bug_015/riscv_machine_mode_rand_test/seed_000831
case_000167,bug_015,multdiv,mul_operator_decode_wrong,riscv_machine_mode_rand_test,832,/home/meow/iccad/dataset/raw_runs_first_batch/bug_015/riscv_machine_mode_rand_test/seed_000832
case_000168,bug_015,multdiv,mul_operator_decode_wrong,riscv_machine_mode_rand_test,833,/home/meow/iccad/dataset/raw_runs_first_batch/bug_015/riscv_machine_mode_rand_test/seed_000833
case_000169,bug_015,multdiv,mul_operator_decode_wrong,riscv_machine_mode_rand_test,834,/home/meow/iccad/dataset/raw_runs_first_batch/bug_015/riscv_machine_mode_rand_test/seed_000834
case_000170,bug_015,multdiv,mul_operator_decode_wrong,riscv_machine_mode_rand_test,835,/home/meow/iccad/dataset/raw_runs_first_batch/bug_015/riscv_machine_mode_rand_test/seed_000835
case_000171,bug_015,multdiv,mul_operator_decode_wrong,riscv_machine_mode_rand_test,836,/home/meow/iccad/dataset/raw_runs_first_batch/bug_015/riscv_machine_mode_rand_test/seed_000836
case_000172,bug_015,multdiv,mul_operator_decode_wrong,riscv_machine_mode_rand_test,837,/home/meow/iccad/dataset/raw_runs_first_batch/bug_015/riscv_machine_mode_rand_test/seed_000837
case_000173,bug_015,multdiv,mul_operator_decode_wrong,riscv_machine_mode_rand_test,838,/home/meow/iccad/dataset/raw_runs_first_batch/bug_015/riscv_machine_mode_rand_test/seed_000838
case_000174,bug_015,multdiv,mul_operator_decode_wrong,riscv_machine_mode_rand_test,839,/home/meow/iccad/dataset/raw_runs_first_batch/bug_015/riscv_machine_mode_rand_test/seed_000839
case_000175,bug_015,multdiv,mul_operator_decode_wrong,riscv_machine_mode_rand_test,851,/home/meow/iccad/dataset/raw_runs_first_batch/bug_015/riscv_machine_mode_rand_test/seed_000851
case_000176,bug_015,multdiv,mul_operator_decode_wrong,riscv_rand_instr_test,2111,/home/meow/iccad/dataset/raw_runs_first_batch/bug_015/riscv_rand_instr_test/seed_002111
case_000177,bug_015,multdiv,mul_operator_decode_wrong,riscv_rand_instr_test,2112,/home/meow/iccad/dataset/raw_runs_first_batch/bug_015/riscv_rand_instr_test/seed_002112
case_000178,bug_015,multdiv,mul_operator_decode_wrong,riscv_rand_instr_test,2113,/home/meow/iccad/dataset/raw_runs_first_batch/bug_015/riscv_rand_instr_test/seed_002113
case_000179,bug_015,multdiv,mul_operator_decode_wrong,riscv_rand_instr_test,2114,/home/meow/iccad/dataset/raw_runs_first_batch/bug_015/riscv_rand_instr_test/seed_002114
case_000180,bug_015,multdiv,mul_operator_decode_wrong,riscv_rand_instr_test,2115,/home/meow/iccad/dataset/raw_runs_first_batch/bug_015/riscv_rand_instr_test/seed_002115
case_000181,bug_016,branch,branch_target_wrong,riscv_machine_mode_rand_test,861,/home/meow/iccad/dataset/raw_runs_first_batch/bug_016/riscv_machine_mode_rand_test/seed_000861
case_000182,bug_016,branch,branch_target_wrong,riscv_machine_mode_rand_test,862,/home/meow/iccad/dataset/raw_runs_first_batch/bug_016/riscv_machine_mode_rand_test/seed_000862
case_000183,bug_016,branch,branch_target_wrong,riscv_machine_mode_rand_test,863,/home/meow/iccad/dataset/raw_runs_first_batch/bug_016/riscv_machine_mode_rand_test/seed_000863
case_000184,bug_016,branch,branch_target_wrong,riscv_machine_mode_rand_test,864,/home/meow/iccad/dataset/raw_runs_first_batch/bug_016/riscv_machine_mode_rand_test/seed_000864
case_000185,bug_016,branch,branch_target_wrong,riscv_machine_mode_rand_test,865,/home/meow/iccad/dataset/raw_runs_first_batch/bug_016/riscv_machine_mode_rand_test/seed_000865
case_000186,bug_016,branch,branch_target_wrong,riscv_machine_mode_rand_test,866,/home/meow/iccad/dataset/raw_runs_first_batch/bug_016/riscv_machine_mode_rand_test/seed_000866
case_000187,bug_016,branch,branch_target_wrong,riscv_machine_mode_rand_test,867,/home/meow/iccad/dataset/raw_runs_first_batch/bug_016/riscv_machine_mode_rand_test/seed_000867
case_000188,bug_016,branch,branch_target_wrong,riscv_machine_mode_rand_test,868,/home/meow/iccad/dataset/raw_runs_first_batch/bug_016/riscv_machine_mode_rand_test/seed_000868
case_000189,bug_016,branch,branch_target_wrong,riscv_machine_mode_rand_test,869,/home/meow/iccad/dataset/raw_runs_first_batch/bug_016/riscv_machine_mode_rand_test/seed_000869
case_000190,bug_016,branch,branch_target_wrong,riscv_machine_mode_rand_test,870,/home/meow/iccad/dataset/raw_runs_first_batch/bug_016/riscv_machine_mode_rand_test/seed_000870
case_000191,bug_016,branch,branch_target_wrong,riscv_rand_instr_test,2011,/home/meow/iccad/dataset/raw_runs_first_batch/bug_016/riscv_rand_instr_test/seed_002011
case_000192,bug_016,branch,branch_target_wrong,riscv_rand_instr_test,2012,/home/meow/iccad/dataset/raw_runs_first_batch/bug_016/riscv_rand_instr_test/seed_002012
case_000193,bug_016,branch,branch_target_wrong,riscv_rand_instr_test,2013,/home/meow/iccad/dataset/raw_runs_first_batch/bug_016/riscv_rand_instr_test/seed_002013
case_000194,bug_016,branch,branch_target_wrong,riscv_rand_instr_test,2014,/home/meow/iccad/dataset/raw_runs_first_batch/bug_016/riscv_rand_instr_test/seed_002014
case_000195,bug_016,branch,branch_target_wrong,riscv_rand_instr_test,2015,/home/meow/iccad/dataset/raw_runs_first_batch/bug_016/riscv_rand_instr_test/seed_002015
case_000196,bug_017,loadstore,load_byte_lane_wrong,riscv_machine_mode_rand_test,871,/home/meow/iccad/dataset/raw_runs_first_batch/bug_017/riscv_machine_mode_rand_test/seed_000871
case_000197,bug_017,loadstore,load_byte_lane_wrong,riscv_machine_mode_rand_test,872,/home/meow/iccad/dataset/raw_runs_first_batch/bug_017/riscv_machine_mode_rand_test/seed_000872
case_000198,bug_017,loadstore,load_byte_lane_wrong,riscv_machine_mode_rand_test,873,/home/meow/iccad/dataset/raw_runs_first_batch/bug_017/riscv_machine_mode_rand_test/seed_000873
case_000199,bug_017,loadstore,load_byte_lane_wrong,riscv_machine_mode_rand_test,874,/home/meow/iccad/dataset/raw_runs_first_batch/bug_017/riscv_machine_mode_rand_test/seed_000874
case_000200,bug_017,loadstore,load_byte_lane_wrong,riscv_machine_mode_rand_test,875,/home/meow/iccad/dataset/raw_runs_first_batch/bug_017/riscv_machine_mode_rand_test/seed_000875
case_000201,bug_017,loadstore,load_byte_lane_wrong,riscv_machine_mode_rand_test,876,/home/meow/iccad/dataset/raw_runs_first_batch/bug_017/riscv_machine_mode_rand_test/seed_000876
case_000202,bug_017,loadstore,load_byte_lane_wrong,riscv_machine_mode_rand_test,877,/home/meow/iccad/dataset/raw_runs_first_batch/bug_017/riscv_machine_mode_rand_test/seed_000877
case_000203,bug_017,loadstore,load_byte_lane_wrong,riscv_machine_mode_rand_test,878,/home/meow/iccad/dataset/raw_runs_first_batch/bug_017/riscv_machine_mode_rand_test/seed_000878
case_000204,bug_017,loadstore,load_byte_lane_wrong,riscv_machine_mode_rand_test,879,/home/meow/iccad/dataset/raw_runs_first_batch/bug_017/riscv_machine_mode_rand_test/seed_000879
case_000205,bug_017,loadstore,load_byte_lane_wrong,riscv_machine_mode_rand_test,880,/home/meow/iccad/dataset/raw_runs_first_batch/bug_017/riscv_machine_mode_rand_test/seed_000880
case_000206,bug_017,loadstore,load_byte_lane_wrong,riscv_rand_instr_test,2021,/home/meow/iccad/dataset/raw_runs_first_batch/bug_017/riscv_rand_instr_test/seed_002021
case_000207,bug_017,loadstore,load_byte_lane_wrong,riscv_rand_instr_test,2022,/home/meow/iccad/dataset/raw_runs_first_batch/bug_017/riscv_rand_instr_test/seed_002022
case_000208,bug_017,loadstore,load_byte_lane_wrong,riscv_rand_instr_test,2023,/home/meow/iccad/dataset/raw_runs_first_batch/bug_017/riscv_rand_instr_test/seed_002023
case_000209,bug_017,loadstore,load_byte_lane_wrong,riscv_rand_instr_test,2024,/home/meow/iccad/dataset/raw_runs_first_batch/bug_017/riscv_rand_instr_test/seed_002024
case_000210,bug_017,loadstore,load_byte_lane_wrong,riscv_rand_instr_test,2025,/home/meow/iccad/dataset/raw_runs_first_batch/bug_017/riscv_rand_instr_test/seed_002025
case_000211,bug_018,csr,mtvec_alignment_wrong,riscv_machine_mode_rand_test,881,/home/meow/iccad/dataset/raw_runs_first_batch/bug_018/riscv_machine_mode_rand_test/seed_000881
case_000212,bug_018,csr,mtvec_alignment_wrong,riscv_machine_mode_rand_test,882,/home/meow/iccad/dataset/raw_runs_first_batch/bug_018/riscv_machine_mode_rand_test/seed_000882
case_000213,bug_018,csr,mtvec_alignment_wrong,riscv_machine_mode_rand_test,883,/home/meow/iccad/dataset/raw_runs_first_batch/bug_018/riscv_machine_mode_rand_test/seed_000883
case_000214,bug_018,csr,mtvec_alignment_wrong,riscv_machine_mode_rand_test,884,/home/meow/iccad/dataset/raw_runs_first_batch/bug_018/riscv_machine_mode_rand_test/seed_000884
case_000215,bug_018,csr,mtvec_alignment_wrong,riscv_machine_mode_rand_test,885,/home/meow/iccad/dataset/raw_runs_first_batch/bug_018/riscv_machine_mode_rand_test/seed_000885
case_000216,bug_018,csr,mtvec_alignment_wrong,riscv_machine_mode_rand_test,886,/home/meow/iccad/dataset/raw_runs_first_batch/bug_018/riscv_machine_mode_rand_test/seed_000886
case_000217,bug_018,csr,mtvec_alignment_wrong,riscv_machine_mode_rand_test,887,/home/meow/iccad/dataset/raw_runs_first_batch/bug_018/riscv_machine_mode_rand_test/seed_000887
case_000218,bug_018,csr,mtvec_alignment_wrong,riscv_machine_mode_rand_test,888,/home/meow/iccad/dataset/raw_runs_first_batch/bug_018/riscv_machine_mode_rand_test/seed_000888
case_000219,bug_018,csr,mtvec_alignment_wrong,riscv_machine_mode_rand_test,889,/home/meow/iccad/dataset/raw_runs_first_batch/bug_018/riscv_machine_mode_rand_test/seed_000889
case_000220,bug_018,csr,mtvec_alignment_wrong,riscv_machine_mode_rand_test,890,/home/meow/iccad/dataset/raw_runs_first_batch/bug_018/riscv_machine_mode_rand_test/seed_000890
case_000221,bug_018,csr,mtvec_alignment_wrong,riscv_rand_instr_test,2141,/home/meow/iccad/dataset/raw_runs_first_batch/bug_018/riscv_rand_instr_test/seed_002141
case_000222,bug_018,csr,mtvec_alignment_wrong,riscv_rand_instr_test,2142,/home/meow/iccad/dataset/raw_runs_first_batch/bug_018/riscv_rand_instr_test/seed_002142
case_000223,bug_018,csr,mtvec_alignment_wrong,riscv_rand_instr_test,2143,/home/meow/iccad/dataset/raw_runs_first_batch/bug_018/riscv_rand_instr_test/seed_002143
case_000224,bug_018,csr,mtvec_alignment_wrong,riscv_rand_instr_test,2144,/home/meow/iccad/dataset/raw_runs_first_batch/bug_018/riscv_rand_instr_test/seed_002144
case_000225,bug_018,csr,mtvec_alignment_wrong,riscv_rand_instr_test,2145,/home/meow/iccad/dataset/raw_runs_first_batch/bug_018/riscv_rand_instr_test/seed_002145
case_000226,bug_019,system,ebreak_decode_wrong,riscv_machine_mode_rand_test,891,/home/meow/iccad/dataset/raw_runs_first_batch/bug_019/riscv_machine_mode_rand_test/seed_000891
case_000227,bug_019,system,ebreak_decode_wrong,riscv_machine_mode_rand_test,892,/home/meow/iccad/dataset/raw_runs_first_batch/bug_019/riscv_machine_mode_rand_test/seed_000892
case_000228,bug_019,system,ebreak_decode_wrong,riscv_machine_mode_rand_test,893,/home/meow/iccad/dataset/raw_runs_first_batch/bug_019/riscv_machine_mode_rand_test/seed_000893
case_000229,bug_019,system,ebreak_decode_wrong,riscv_machine_mode_rand_test,894,/home/meow/iccad/dataset/raw_runs_first_batch/bug_019/riscv_machine_mode_rand_test/seed_000894
case_000230,bug_019,system,ebreak_decode_wrong,riscv_machine_mode_rand_test,895,/home/meow/iccad/dataset/raw_runs_first_batch/bug_019/riscv_machine_mode_rand_test/seed_000895
case_000231,bug_019,system,ebreak_decode_wrong,riscv_machine_mode_rand_test,896,/home/meow/iccad/dataset/raw_runs_first_batch/bug_019/riscv_machine_mode_rand_test/seed_000896
case_000232,bug_019,system,ebreak_decode_wrong,riscv_machine_mode_rand_test,897,/home/meow/iccad/dataset/raw_runs_first_batch/bug_019/riscv_machine_mode_rand_test/seed_000897
case_000233,bug_019,system,ebreak_decode_wrong,riscv_machine_mode_rand_test,898,/home/meow/iccad/dataset/raw_runs_first_batch/bug_019/riscv_machine_mode_rand_test/seed_000898
case_000234,bug_019,system,ebreak_decode_wrong,riscv_machine_mode_rand_test,899,/home/meow/iccad/dataset/raw_runs_first_batch/bug_019/riscv_machine_mode_rand_test/seed_000899
case_000235,bug_019,system,ebreak_decode_wrong,riscv_machine_mode_rand_test,900,/home/meow/iccad/dataset/raw_runs_first_batch/bug_019/riscv_machine_mode_rand_test/seed_000900
case_000236,bug_019,system,ebreak_decode_wrong,riscv_rand_instr_test,2151,/home/meow/iccad/dataset/raw_runs_first_batch/bug_019/riscv_rand_instr_test/seed_002151
case_000237,bug_019,system,ebreak_decode_wrong,riscv_rand_instr_test,2152,/home/meow/iccad/dataset/raw_runs_first_batch/bug_019/riscv_rand_instr_test/seed_002152
case_000238,bug_019,system,ebreak_decode_wrong,riscv_rand_instr_test,2153,/home/meow/iccad/dataset/raw_runs_first_batch/bug_019/riscv_rand_instr_test/seed_002153
case_000239,bug_019,system,ebreak_decode_wrong,riscv_rand_instr_test,2154,/home/meow/iccad/dataset/raw_runs_first_batch/bug_019/riscv_rand_instr_test/seed_002154
case_000240,bug_019,system,ebreak_decode_wrong,riscv_rand_instr_test,2155,/home/meow/iccad/dataset/raw_runs_first_batch/bug_019/riscv_rand_instr_test/seed_002155
