bug_id,family,case_count,tests
bug_128,baseline_validated,38,riscv_machine_mode_rand_test;riscv_rand_jump_test
bug_129,baseline_validated,38,riscv_jump_stress_test;riscv_machine_mode_rand_test
bug_130,baseline_validated,55,riscv_jump_stress_test;riscv_machine_mode_rand_test;riscv_rand_jump_test
bug_132,baseline_validated,58,riscv_jump_stress_test;riscv_rand_instr_test;riscv_rand_jump_test
bug_133,baseline_validated,53,riscv_debug_branch_jump_test;riscv_jump_stress_test;riscv_rand_jump_test
bug_134,baseline_validated,31,riscv_debug_branch_jump_test;riscv_rand_jump_test
bug_136,baseline_validated,28,riscv_debug_branch_jump_test;riscv_rand_jump_test
bug_140,baseline_validated,32,riscv_debug_branch_jump_test;riscv_rand_jump_test
bug_141,baseline_validated,44,riscv_debug_branch_jump_test;riscv_jump_stress_test;riscv_rand_jump_test
bug_142,baseline_validated,31,riscv_debug_branch_jump_test;riscv_rand_jump_test
bug_143,baseline_validated,37,riscv_rand_instr_test;riscv_rand_jump_test
bug_145,baseline_validated,40,riscv_machine_mode_rand_test;riscv_rv32im_instr_test
bug_146,baseline_validated,19,riscv_rand_instr_test;riscv_rv32im_instr_test
bug_147,baseline_validated,40,riscv_mmu_stress_test;riscv_unaligned_load_store_test
bug_148,baseline_validated,40,riscv_mmu_stress_test;riscv_unaligned_load_store_test
bug_149,baseline_validated,20,riscv_illegal_instr_test;riscv_machine_mode_rand_test
bug_152,baseline_validated,20,riscv_machine_mode_rand_test;riscv_rv32im_instr_test
bug_153,baseline_validated,34,riscv_mmu_stress_test;riscv_unaligned_load_store_test
bug_160,baseline_validated,55,riscv_arithmetic_basic_test;riscv_machine_mode_rand_test;riscv_rand_instr_test
bug_161,baseline_validated,55,riscv_arithmetic_basic_test;riscv_machine_mode_rand_test;riscv_rand_instr_test
bug_169,baseline_validated,20,riscv_mmu_stress_test;riscv_unaligned_load_store_test
bug_170,baseline_validated,24,riscv_mmu_stress_test;riscv_unaligned_load_store_test
bug_172,baseline_validated,11,riscv_mmu_stress_test;riscv_unaligned_load_store_test
bug_173,baseline_validated,7,riscv_mmu_stress_test
bug_174,baseline_validated,20,riscv_mmu_stress_test;riscv_unaligned_load_store_test
bug_176,baseline_validated,7,riscv_mmu_stress_test
bug_178,baseline_validated,25,riscv_arithmetic_basic_test;riscv_machine_mode_rand_test;riscv_rand_instr_test
bug_182,baseline_validated,26,riscv_arithmetic_basic_test;riscv_machine_mode_rand_test;riscv_rand_instr_test
bug_184,baseline_validated,30,riscv_arithmetic_basic_test;riscv_machine_mode_rand_test;riscv_rand_instr_test
bug_185,baseline_validated,6,riscv_arithmetic_basic_test
