Case,bucket
1,bug_103
2,bug_103
3,bug_103
4,bug_103
5,bug_103
6,bug_103
7,bug_103
8,bug_103
9,bug_103
10,bug_103
11,bug_103
12,bug_103
13,bug_103
14,bug_103
15,bug_103
16,bug_103
17,bug_103
18,bug_103
19,bug_103
20,bug_103
21,bug_103
22,bug_103
23,bug_103
24,bug_103
25,bug_103
26,bug_103
27,bug_103
28,bug_103
29,bug_103
30,bug_103
31,bug_103
32,bug_103
33,bug_104
34,bug_104
35,bug_104
36,bug_104
37,bug_104
38,bug_104
39,bug_104
40,bug_104
41,bug_104
42,bug_104
43,bug_104
44,bug_104
45,bug_104
46,bug_104
47,bug_104
48,bug_104
49,bug_104
50,bug_104
51,bug_104
52,bug_104
53,bug_104
54,bug_104
55,bug_104
56,bug_104
57,bug_104
58,bug_104
59,bug_104
60,bug_104
61,bug_104
62,bug_104
63,bug_104
64,bug_104
65,bug_105
66,bug_105
67,bug_105
68,bug_105
69,bug_105
70,bug_105
71,bug_105
72,bug_105
73,bug_105
74,bug_105
75,bug_105
76,bug_105
77,bug_105
78,bug_105
79,bug_105
80,bug_105
81,bug_105
82,bug_105
83,bug_105
84,bug_105
85,bug_105
86,bug_105
87,bug_105
88,bug_105
89,bug_105
90,bug_105
91,bug_105
92,bug_105
93,bug_105
94,bug_105
95,bug_105
96,bug_108
97,bug_108
98,bug_108
99,bug_108
100,bug_108
101,bug_108
102,bug_108
103,bug_108
104,bug_108
105,bug_108
106,bug_108
107,bug_108
108,bug_108
109,bug_108
110,bug_108
111,bug_108
112,bug_108
113,bug_108
114,bug_108
115,bug_108
116,bug_108
117,bug_108
118,bug_108
119,bug_108
120,bug_108
121,bug_108
122,bug_108
123,bug_108
124,bug_108
125,bug_108
126,bug_108
127,bug_108
128,bug_117
129,bug_117
130,bug_117
131,bug_117
132,bug_117
133,bug_117
134,bug_117
135,bug_117
136,bug_117
137,bug_117
138,bug_117
139,bug_117
140,bug_117
141,bug_117
142,bug_117
143,bug_117
144,bug_117
145,bug_117
146,bug_117
147,bug_117
148,bug_117
149,bug_117
150,bug_117
151,bug_117
152,bug_117
153,bug_117
154,bug_117
155,bug_117
156,bug_117
157,bug_117
158,bug_117
159,bug_117
160,bug_118
161,bug_118
162,bug_118
163,bug_118
164,bug_118
165,bug_118
166,bug_118
167,bug_118
168,bug_118
169,bug_118
170,bug_118
171,bug_118
172,bug_118
173,bug_118
174,bug_118
175,bug_118
176,bug_118
177,bug_118
178,bug_118
179,bug_118
180,bug_118
181,bug_118
182,bug_118
183,bug_118
184,bug_118
185,bug_118
186,bug_118
187,bug_118
188,bug_118
189,bug_118
190,bug_118
191,bug_118
192,bug_119
193,bug_119
194,bug_119
195,bug_119
196,bug_119
197,bug_119
198,bug_119
199,bug_119
200,bug_119
201,bug_119
202,bug_119
203,bug_119
204,bug_119
205,bug_119
206,bug_119
207,bug_119
208,bug_119
209,bug_119
210,bug_119
211,bug_119
212,bug_119
213,bug_119
214,bug_119
215,bug_119
216,bug_119
217,bug_119
218,bug_119
219,bug_119
220,bug_119
221,bug_119
222,bug_119
223,bug_119
224,bug_120
225,bug_120
226,bug_120
227,bug_120
228,bug_120
229,bug_120
230,bug_120
231,bug_120
232,bug_120
233,bug_120
234,bug_120
235,bug_120
236,bug_120
237,bug_120
238,bug_120
239,bug_120
240,bug_120
241,bug_120
242,bug_120
243,bug_120
244,bug_120
245,bug_120
246,bug_120
247,bug_120
248,bug_120
249,bug_120
250,bug_120
251,bug_120
252,bug_120
253,bug_120
254,bug_120
255,bug_122
256,bug_122
257,bug_122
258,bug_122
259,bug_122
260,bug_122
261,bug_122
262,bug_122
263,bug_122
264,bug_122
265,bug_122
266,bug_122
267,bug_122
268,bug_122
269,bug_122
270,bug_122
271,bug_122
272,bug_122
273,bug_122
274,bug_122
275,bug_122
276,bug_122
277,bug_122
278,bug_122
279,bug_122
280,bug_122
281,bug_122
282,bug_122
283,bug_122
284,bug_122
285,bug_122
286,bug_122
287,bug_125
288,bug_125
289,bug_125
290,bug_125
291,bug_125
292,bug_125
293,bug_125
294,bug_125
295,bug_125
296,bug_125
297,bug_125
298,bug_125
299,bug_125
300,bug_125
301,bug_125
302,bug_125
303,bug_125
304,bug_125
305,bug_125
306,bug_125
307,bug_125
308,bug_125
309,bug_125
310,bug_125
311,bug_125
312,bug_125
313,bug_125
314,bug_125
315,bug_125
316,bug_125
317,bug_125
318,bug_125
319,bug_126
320,bug_126
321,bug_126
322,bug_126
323,bug_126
324,bug_126
325,bug_126
326,bug_126
327,bug_126
328,bug_126
329,bug_126
330,bug_126
331,bug_126
332,bug_126
333,bug_126
334,bug_126
335,bug_126
336,bug_126
337,bug_126
338,bug_126
339,bug_126
340,bug_126
341,bug_126
342,bug_126
343,bug_126
344,bug_126
345,bug_126
346,bug_126
347,bug_126
348,bug_126
349,bug_127
350,bug_127
351,bug_127
352,bug_127
353,bug_127
354,bug_127
355,bug_127
356,bug_127
357,bug_127
358,bug_127
359,bug_127
360,bug_127
361,bug_127
362,bug_127
363,bug_127
364,bug_127
365,bug_127
366,bug_127
367,bug_127
368,bug_127
369,bug_127
370,bug_127
371,bug_127
372,bug_127
373,bug_127
374,bug_127
375,bug_127
376,bug_127
377,bug_127
378,bug_127
379,bug_127
380,bug_127
